Property ID,Property Type,Location,Price,Size,Status
101,Bungalow 4BHK,"Sydney, New South Wales, Australia. The property is situated in a quiet suburban area with a beautiful park nearby. The park features a large playground for children, a basketball court, and a walking trail that offers a serene escape from the hustle and bustle of city life. The property itself is a stunning example of modern Australian architecture, with large windows that allow for an abundance of natural light to pour in. The interior design is sleek and sophisticated, with high ceilings and polished wooden floors. The living area is spacious and airy, with a large kitchen that is perfect for entertaining. The property also features a spacious backyard with a patio area, perfect for outdoor dining and entertaining. The location is highly sought after, with easy access to public transport, schools, and shopping centers.",850000,250,Available
1001,Bungalow 5BHK,"Settlers' Crescent, Coorparoo, Brisbane, Queensland, Australia.
This is a stunning 5-bedroom bungalow situated in a quiet, family-friendly neighborhood. The property boasts a spacious open-plan living area, perfect for entertaining, and a beautifully landscaped backyard ideal for alfresco dining. With its prime location, you'll be just minutes from the city centre, schools, and local amenities.",925000,400,Available
1001,Bungalow 5BHK,"Located in the heart of Sydney, the iconic Bondi Beach is just a short stroll away. The picturesque views of the ocean and the sound of the waves crashing against the shore create a serene atmosphere. The property is situated in a quiet neighborhood, surrounded by lush greenery and a variety of wildlife. The area is also home to a range of local cafes, restaurants, and shops, making it the perfect blend of tranquility and convenience. The property itself is a stunning example of modern Australian architecture, with large windows, high ceilings, and an open-plan living area that flows seamlessly into the outdoor spaces. The kitchen is fully equipped with high-end appliances and plenty of storage space. The five bedrooms are spacious and well-appointed, with built-in wardrobes and large windows that let in plenty of natural light. The property also features a large backyard, perfect for entertaining or simply enjoying the outdoors. With its unique blend of style, comfort, and location, this property is a rare find in the Australian real estate market.",825000,350,Available
7,Bungalow 5BHK,"1 Willow Street, Lilyfield NSW 2040, Australia. This property is situated in a quiet, family-friendly neighborhood with a mix of old and new homes. It's a short walk to the local park and the nearby shops and cafes. The area is also close to the city, with easy access to public transportation. The property itself is a beautiful bungalow with a spacious backyard and a large garage. It's perfect for a growing family or someone looking for a peaceful retreat from the hustle and bustle of city life. The property is fully fenced and has a secure gate. The backyard is fully landscaped and has a large patio area perfect for entertaining. The property also has a large shed and a separate laundry room. The interior of the property is bright and airy with large windows and high ceilings. The kitchen is fully equipped with modern appliances and plenty of storage space. The bedrooms are spacious and have built-in wardrobes. The bathroom is modern and has a separate shower and bathtub. The property is fully double glazed and has a secure alarm system. It's a must-see for anyone looking for a beautiful and spacious bungalow in a great location.",825000,240,Available
1,Bungalow 5BHK,"Melbourne, Australia is known for its vibrant cultural scene, with a wide range of art galleries and museums. The city is home to the National Gallery of Victoria, which features a collection of Australian and international art. Melbourne is also famous for its street art, with laneways and streets filled with vibrant murals and graffiti. The city's cultural calendar is filled with festivals and events throughout the year, including the Melbourne International Comedy Festival and the Melbourne Fringe Festival. In addition to its cultural attractions, Melbourne is also a hub for food and coffee lovers, with a wide range of restaurants and cafes serving up everything from traditional Australian cuisine to international flavors. The city's coffee culture is particularly famous, with Melbourne being home to some of the world's best coffee shops.",850000,200,Available
7,Bungalow 5BHK,"Marrickville, New South Wales, Australia. The suburb is known for its rich cultural heritage and vibrant community. Located in the Inner West region of Sydney, Marrickville is home to a diverse range of cafes, restaurants, and shops. The area is also famous for its street art, with many buildings featuring murals and graffiti. Marrickville is a popular destination for tourists and locals alike, offering a unique blend of history, culture, and entertainment. The suburb has a strong sense of community, with many residents actively involved in local events and initiatives. Marrickville is also known for its beautiful parks and gardens, including the popular Marrickville Park and the historic Marrickville Golf Course. With its rich history, cultural attractions, and natural beauty, Marrickville is a must-visit destination in Sydney.",825000,320,Available
2,Bungalow 5BHK,"Sydney, New South Wales, Australia
The location offers a serene and peaceful atmosphere, surrounded by lush greenery and picturesque views of the surrounding landscape.
It is a perfect spot for those seeking a tranquil retreat from the hustle and bustle of city life.
Residents can enjoy a range of outdoor activities, including hiking, fishing, and picnicking.
Additionally, the location is close to several amenities, including a supermarket, a post office, and a local school.",850000,2500,Available
7,Bungalow 5BHK,"Perth, the capital of Western Australia, is a beautiful city surrounded by scenic beaches, vibrant cultural attractions, and a thriving food scene. From the iconic Cottesloe Beach to the historic Kings Park and Botanic Garden, Perth has something for everyone. The city is also home to a number of world-class museums, including the Art Gallery of Western Australia and the Western Australian Museum. With its warm climate and stunning natural surroundings, Perth is the perfect destination for anyone looking to relax and unwind. The city has a population of around 2 million people and is known for its friendly and welcoming community. Visitors can enjoy a range of activities, including surfing, snorkeling, and hiking, or simply take in the breathtaking views of the Indian Ocean. Whether you're looking for adventure, culture, or relaxation, Perth has it all.",AUD 850000,450,Available
101,Bungalow 5BHK,"The picturesque town of Margaret River, situated in the southwest of Western Australia, is known for its pristine beaches and world-class surf breaks. The region's unique landscape is dotted with limestone cliffs, pristine rivers, and ancient forests. Margaret River is a haven for outdoor enthusiasts, with activities ranging from surfing and snorkeling to hiking and wildlife spotting. The area's rich cultural heritage is also reflected in its numerous art galleries, wineries, and museums.",525000,2500,Available
2,Bungalow 5BHK,"Melbourne, Australia. Melbourne is a city in the state of Victoria, Australia. It is known for its cultural institutions, such as the National Gallery of Victoria and the State Theatre. The city is also home to many parks and gardens, including the Royal Botanic Gardens and the Fitzroy Gardens. Melbourne is a popular tourist destination, attracting visitors from all over the world. It has a diverse range of restaurants, cafes, and bars, and is known for its vibrant street art scene. The city is also home to many universities and research institutions, including the University of Melbourne and Monash University.",AUD 1200000,250,Available
10001,Bungalow 5BHK,"The picturesque coastal town of Byron Bay in New South Wales, Australia, is known for its stunning beaches, vibrant arts scene, and the iconic Cape Byron Lighthouse, which is the easternmost point of Australia. It's a popular destination for surfers, families, and those seeking a relaxing getaway. Byron Bay is also famous for its whale watching tours, dolphin spotting, and the chance to see humpback whales on their annual migration. Visitors can enjoy a variety of outdoor activities, including surfing, snorkeling, and hiking through the nearby rainforests. Byron Bay has a thriving community of artists, musicians, and farmers, making it an excellent spot for those interested in alternative lifestyles. The town has a strong focus on sustainability, with many eco-friendly cafes and shops. Byron Bay is a must-visit destination for anyone looking to experience the best of Australia's coastal lifestyle.",950000,2500,Available
1,Bungalow 5BHK,"Melbourne's historic Docklands area, with its picturesque waterfront, vibrant arts scene, and trendy restaurants, is a haven for those seeking a cosmopolitan lifestyle. The area is also home to several parks and gardens, including the popular Docklands Park, which offers stunning views of the city skyline. With its unique blend of modern architecture and historic charm, Melbourne's Docklands is an attractive destination for those looking to buy a property.",525000,200,Available
1001,Bungalow 4BHK,"Sydney, New South Wales, Australia. Located in the heart of the city, with a stunning view of the harbour. The property boasts modern amenities, including a rooftop pool and a gym. It's the perfect place for those who want to experience the urban lifestyle. The area is known for its vibrant culture, with a variety of restaurants, cafes, and shops within walking distance. The property is surrounded by beautiful parks and gardens, making it an ideal place to relax and unwind. Whether you're looking for a place to call home or an investment opportunity, this property is sure to impress. The property is situated on a quiet street, with a secure entry system and ample parking. It's the perfect blend of convenience and luxury. The interior design is modern and sleek, with high ceilings and large windows that let in plenty of natural light. The property has three spacious bedrooms, each with its own en-suite bathroom. The master bedroom has a large walk-in wardrobe and a private balcony with stunning views of the city. The kitchen is fully equipped with modern appliances and plenty of storage space. The property also features a separate laundry room and a powder room. It's the perfect place to call home, whether you're a professional or a family. The property is close to public transportation, making it easy to get around the city. It's also close to major shopping centers and entertainment venues. Whether you're looking for a place to live or an investment opportunity, this property is sure to impress. The property has been well-maintained and is in excellent condition. It's a must-see for anyone looking for a luxurious lifestyle in the heart of the city.",850000,2500,Available
P00123,Bungalow 5BHK,"Melbourne, Australia - The city is known for its cultural diversity, with people from various ethnic backgrounds calling it home. From the vibrant streets of Fitzroy to the trendy cafes of Carlton, Melbourne is a city that is always on the move. With its rich history, cultural attractions, and world-class restaurants, Melbourne is a city that has something for everyone. Whether you're a foodie, an art lover, or an adventure seeker, Melbourne is the perfect place to call home. ",AUD 950000,250,Available
1,Bungalow 5BHK,"Melbourne, Victoria, Australia - The city is situated on the southern coast of the Australian mainland, and is known for its cultural diversity and world-class sporting events. The city has a rich history, dating back to the early 19th century when it was a major port for the British Empire. Today, Melbourne is a thriving metropolis with a strong economy and a high standard of living. The city is home to many famous landmarks, including the Melbourne Cricket Ground, the National Gallery of Victoria, and the Royal Botanic Gardens. Visitors to the city can enjoy a wide range of activities, including shopping, dining, and entertainment options, as well as exploring the city's many cultural attractions.",850000,250,Available
1,Bungalow 4BHK,"Sydney, New South Wales, Australia. Located in the heart of the city, this property offers breathtaking views of the iconic Opera House and Harbour Bridge. The scenic coastal walk is just a stone's throw away, and the bustling city centre is within walking distance. The property itself is a stunning example of modern Australian architecture, with sleek lines, large windows, and a spacious interior. The open-plan living area is perfect for entertaining, and the well-equipped kitchen is ideal for cooking up a storm. With four spacious bedrooms and three bathrooms, this property is the epitome of luxury living. Whether you're a busy professional or a family looking for a comfortable home, this property has it all.",850000,250,Available
12345,Bungalow 5BHK,"Melbourne, Victoria, Australia. Melbourne is the state capital of Victoria and the second-most populous city in Australia. It is located on the large natural bay of Port Phillip and is home to many cultural attractions, parks, and gardens. Melbourne has a rich history dating back to the early 19th century and has been shaped by its European, Asian, and Indigenous influences. Its diverse neighborhoods, such as Fitzroy, Carlton, and St Kilda, offer a unique blend of Victorian-era architecture, boutique shopping, and a vibrant arts scene. Visitors can explore the city's iconic landmarks, including the Royal Botanic Gardens, the Melbourne Cricket Ground, and the National Gallery of Victoria. Melbourne is also known for its coffee culture, with a plethora of cafes and coffee shops serving up some of the world's best coffee. The city's culinary scene is equally impressive, with a wide range of restaurants serving everything from traditional Australian cuisine to international flavors. Whether you're interested in history, culture, food, or entertainment, Melbourne has something for everyone.",850000,250,Available
2,Bungalow 5BHK,"Melbourne, Australia, with its vibrant cultural scene and scenic coastline, offers a unique blend of urban and natural attractions. Visitors can explore the city's famous street art, visit the Royal Botanic Gardens, or take a stroll along the Yarra River. For those seeking adventure, the nearby Dandenong Ranges offer hiking trails, scenic views, and picturesque villages to discover. The city's diverse food scene is also a highlight, with a wide range of international cuisines available.",850000,250,Available
1001,Bungalow 5BHK,"89 Victoria Parade, Fitzroy, Victoria 3065, Australia. Located in the heart of Melbourne, this 5-bedroom bungalow boasts stunning views of the city skyline. The property features high ceilings, large windows, and a spacious open-plan living area. With its prime location and luxurious finishes, this bungalow is perfect for those seeking a sophisticated lifestyle. The property also offers a private garden and a two-car garage, providing ample parking and storage space. In addition, the property is close to public transportation, shopping centers, and restaurants, making it an ideal choice for those who value convenience and accessibility. Furthermore, the property has a high energy efficiency rating, making it an eco-friendly option for environmentally conscious buyers. The property is available for viewing by appointment only and is priced at $1200000. The property is 250 square meters in size and is available for sale.",1200000,250,Available
1,Bungalow 5BHK,"Sydney's Northern Beaches, New South Wales, Australia. The area is known for its laid-back surf culture, pristine beaches, and a strong sense of community. Residents can enjoy a range of outdoor activities, from surfing and swimming to bushwalking and cycling. The area is also home to a variety of local cafes, restaurants, and shops, making it an ideal place to live for those who want to be close to nature and still have access to modern amenities. With its stunning coastal scenery, mild climate, and relaxed atmosphere, Sydney's Northern Beaches is a popular destination for both locals and tourists alike. The area is also well-connected to the rest of Sydney, with regular public transportation links to the city centre and other surrounding suburbs. Whether you're looking for a place to call home or just want to visit, Sydney's Northern Beaches has something for everyone.",825000,420,Available
10001,Bungalow 4BHK,"The scenic town of Byron Bay, New South Wales, Australia is nestled in the northeastern corner of the country, known for its beautiful beaches and vibrant cultural scene. Byron Bay is a popular tourist destination, attracting visitors from all over the world. The town's laid-back atmosphere, stunning natural beauty, and diverse community make it an ideal place to live and visit.",825000,350,Available
1001,Bungalow 5BHK,"The picturesque coastal town of Byron Bay, situated in the northern part of New South Wales, Australia. With its pristine beaches, lush rainforests, and vibrant cultural scene, Byron Bay has become a popular destination for tourists and locals alike. The town's laid-back atmosphere and stunning natural beauty make it the perfect place to relax and unwind. Byron Bay is also known for its alternative culture, with a thriving community of artists, musicians, and wellness practitioners. Visitors can enjoy a range of activities, including surfing, whale watching, and visiting the iconic Cape Byron Lighthouse. With its unique blend of natural beauty and alternative culture, Byron Bay is a must-visit destination for anyone looking to experience the best of Australia.",850000,350,Available
1234,Bungalow 5BHK,"The iconic Sydney Opera House is situated in Sydney Harbour, which is a key location in Australia. The area is known for its stunning views of the harbour and the iconic Opera House itself. The harbour is also home to numerous parks and gardens, including the Royal Botanic Garden and Mrs. Macquarie's Chair, a scenic lookout point. The area is well-connected to the rest of the city, with several public transportation options available, including buses and trains.",850000,2400,Available
1,Bungalow 5BHK,"Sydney's affluent suburb of Rose Bay, with its picturesque waterfront and stunning views of the Sydney Harbour Bridge, is a highly sought-after location for those seeking luxury and exclusivity.",1420000,225,Available
1001,Bungalow 5BHK,"Melbourne, Victoria, Australia. Melbourne is a city located in the southeastern part of Australia, known for its cultural institutions, restaurants, and street art. The city is situated on the Yarra River and is home to many parks and gardens, including the Royal Botanic Gardens. Melbourne is also known for its coffee culture and is often referred to as the coffee capital of Australia. The city has a population of over 5 million people and is a major hub for business, education, and the arts. Melbourne is home to many universities and institutions, including the University of Melbourne and Monash University.",850000,2000,Available
1001,Bungalow 5BHK,"The beautiful coastal town of Byron Bay, situated in the north-eastern corner of New South Wales, is a haven for those seeking a relaxed and peaceful lifestyle. Byron Bay is surrounded by stunning beaches, lush rainforests, and rolling hills, making it an ideal destination for nature lovers and adventure seekers alike. The town has a strong focus on the arts, with numerous galleries, studios, and festivals throughout the year. Byron Bay is also home to the famous Cape Byron Lighthouse, the easternmost point of Australia, which offers breathtaking views of the surrounding coastline.",850000,2500,Available
AUS-00002,Bungalow 4BHK,"Perth, Western Australia. Perth is a vibrant and culturally rich city with a stunning coastline. It boasts some of the world's most beautiful beaches, including Cottesloe Beach and Scarborough Beach. The city is also home to the famous Kings Park and Botanic Garden, which is one of the largest inner-city parks in the world. Visitors can explore the city's many museums and galleries, or take a stroll along the Swan River. The city's food scene is also thriving, with a wide range of restaurants serving everything from fresh seafood to international cuisine. Whether you're looking for adventure, relaxation, or cultural experiences, Perth has something for everyone.",AUD 1200000,250,Available
2,Bungalow 5BHK,"Located in the heart of Sydney, Australia, this property boasts breathtaking views of the iconic Opera House and Harbour Bridge. The stunning architecture and sleek design make it a perfect blend of modernity and elegance. The expansive backyard is perfect for hosting barbecues and outdoor gatherings, while the spacious living areas are ideal for relaxing and entertaining. The location is also close to many top-rated schools, restaurants, and shopping centers, making it a highly sought-after address.",1250000,2500,Available
1,Bungalow 5BHK,"123 Main Street, Sydney, Australia. Located in a quiet neighborhood, this 5-bedroom bungalow offers a serene atmosphere and ample space for relaxation. The interior design is modern and stylish, with large windows allowing plenty of natural light to pour in. The backyard is well-manicured and perfect for outdoor entertaining. With its prime location and excellent amenities, this property is ideal for families and professionals alike. The area is close to public transportation, schools, and shopping centers, making it a convenient choice for those who want to be connected to the city while still enjoying a peaceful lifestyle. Furthermore, the property has a spacious living area, a fully-equipped kitchen, and a dedicated home office. The bedrooms are spacious and well-appointed, with built-in wardrobes and ample storage space. The property also features a double garage and a separate laundry area. With its excellent condition and desirable location, this property is sure to impress.",850000,250,Available
1,Bungalow 4BHK,"3-5 Morrison Street, Paddington, New South Wales 2021, Australia. The area is known for its beautiful Victorian-era homes and picturesque streets. The neighborhood is close to public transportation, shopping centers, and parks. It has a mix of old and new buildings, with a strong sense of community. The local schools are highly rated, and the area is popular with families and young professionals.",825000,250,Available
1001,Bungalow 5BHK,"In the picturesque town of Katoomba, nestled in the heart of the Blue Mountains, where the rugged landscape and scenic views will leave you in awe. This charming town is a haven for nature lovers, with its proximity to the Three Sisters rock formation, the scenic Cliff Walk, and the picturesque Leura village. The area is also home to the famous Scenic World, which offers breathtaking views of the Jamison Valley. With its rich history, cultural attractions, and stunning natural beauty, Katoomba is the perfect destination for those seeking a tranquil retreat from the hustle and bustle of city life.",AUD 850000,250,Available
1001,Bungalow 4BHK,"Perth, Western Australia - 2/123 Smith St, East Victoria Park WA 6101. The area is known for its vibrant atmosphere, with a mix of cafes, restaurants, and shops. It is also close to the city centre, with easy access to public transportation. The property itself is situated on a quiet street, with a private backyard and a large living area. The neighborhood is family-friendly, with a community garden and a local park nearby. Residents can enjoy the nearby River, which offers beautiful views and a peaceful escape from the city. The area is also home to a variety of cultural events and festivals throughout the year, celebrating the city's diverse heritage.",525000,200,Available
2,Bungalow 5BHK,"Perth, Western Australia, a vibrant city known for its scenic coastline, parks, and world-class museums. The city's central business district is home to many iconic landmarks, including the Perth Town Hall and St. George's Cathedral. Perth's cultural scene is also thriving, with numerous art galleries, museums, and performance venues. Visitors can enjoy the city's beautiful beaches, scenic parks, and the stunning Kings Park and Botanic Garden. The city is also close to several major wineries and is a popular destination for food and wine enthusiasts. The climate is generally warm and sunny, making it an ideal place to live and work. With its strong economy, diverse community, and high standard of living, Perth is an attractive destination for people from all over the world. The city offers a unique blend of urban and outdoor living, making it an excellent choice for those who want to experience the best of Australia's lifestyle.",850000,2300,Available
101,Bungalow 5BHK,"A beautiful, serene property located at 123 Beachside Drive, Byron Bay, New South Wales, Australia. The property has a stunning ocean view and is surrounded by lush greenery. It has a spacious living area, a well-equipped kitchen, and five large bedrooms. The house is perfect for a family or a group of friends looking for a relaxing getaway. The nearby beaches and scenic coastal walks make it an ideal location for nature lovers. The property has a total area of 500 square meters and is available for sale at $1200000.",1200000.00,500,Available
1,Bungalow 5BHK,"In a picturesque region of New South Wales, surrounded by lush greenery and overlooking the serene waters of the Hawkesbury River. Located near the town of Wisemans Ferry, this beautiful bungalow is a perfect blend of tranquility and adventure. The area is known for its rich history, stunning landscapes, and diverse wildlife. Visitors can explore the nearby historic sites, enjoy water sports on the river, or take a scenic drive through the rolling hills and valleys. With its unique blend of natural beauty and cultural heritage, this location is a true gem of Australia.",825000,3200,Available
2,Bungalow 5BHK,"Melbourne's vibrant Fitzroy neighborhood, known for its eclectic mix of 19th-century Victorian-era homes, trendy cafes, and boutique shopping. The area is a hub for Melbourne's arts and cultural scene, with numerous galleries, museums, and performance venues. The neighborhood's vibrant atmosphere is further enhanced by its proximity to the city center, making it an ideal location for those who want to experience the best of Melbourne's urban lifestyle. With its rich history, cultural attractions, and modern amenities, Fitzroy is a highly sought-after suburb that offers something for everyone.",AUD 1200000,250,Available
1001,Bungalow 4BHK,"Located in the heart of Sydney, this stunning property boasts breathtaking views of the iconic Sydney Opera House and the Harbour Bridge. It features a spacious living area with floor-to-ceiling windows, perfect for taking in the sights and sounds of the city. The kitchen is fully equipped with modern appliances and ample storage space. The four bedrooms are tastefully decorated and offer plenty of natural light. With its prime location and luxurious amenities, this property is the perfect choice for those who want to live in the heart of the action.",950000,2500,Available
1,Bungalow 5BHK,"In the heart of Sydney lies the picturesque suburb of Neutral Bay, offering breathtaking views of the Sydney Harbour Bridge and the iconic Opera House. This stunning location is a haven for those who appreciate the beauty of nature and the convenience of city living.",850000,2000,Available
1,Bungalow 5BHK,"Sydney's famous Bondi Beach, Australia is known for its vibrant culture and diverse community. Located in the heart of the city, Bondi Beach is a popular tourist destination that attracts visitors from all over the world. The area is home to a variety of restaurants, cafes, and shops, making it a great place to live, work, and play. With its stunning beaches, scenic coastal walks, and lively atmosphere, Bondi Beach is the perfect place to call home. Whether you're looking for a relaxing beach lifestyle or an exciting urban experience, Bondi Beach has something for everyone.",850000,220,Available
7,Bungalow 4BHK,"The picturesque town of Margaret River, situated in the heart of Western Australia. This charming area is known for its pristine beaches, rugged coastline, and rolling hills. Nestled in a quiet neighborhood, the property offers a tranquil atmosphere, perfect for those seeking a peaceful retreat. The region is also famous for its world-class wineries, gourmet restaurants, and scenic hiking trails. With its unique blend of natural beauty and luxury living, Margaret River is an ideal destination for those seeking a relaxing and rejuvenating experience.",825000,250,Available
1001,Bungalow 5BHK,"Perth, Western Australia, located near the Swan River and its picturesque parks and gardens, offering a serene and peaceful atmosphere, with its stunning river views, scenic walking trails, and a variety of local cafes and restaurants to explore. The area is also close to the city centre, with its vibrant cultural scene, shopping districts, and public transportation links. With its excellent schools, healthcare facilities, and community amenities, Perth is an ideal place to live, work, and raise a family. The climate is mild, with warm summers and cool winters, making it perfect for outdoor activities and enjoying the great Australian lifestyle. ",925000,2500,Available
1001,Bungalow 5BHK,"Melbourne's historic Richmond precinct, nestled between the picturesque Yarra River and the vibrant Bridge Road shopping strip. The area is a melting pot of cultures, with a thriving food scene, boutique stores, and a rich history. Richmond's iconic Punt Road Oval is just a short stroll away, offering breathtaking views of the city skyline. With its blend of old and new, Richmond is a sought-after destination for those who crave the best of Melbourne's lifestyle and amenities.",825000,220,Available
12345,Bungalow 5BHK,"In a coastal town of Byron Bay, with pristine beaches and lush greenery surrounding the property, creating a serene atmosphere.",850000,2500,Available
1,Bungalow 5BHK,"Sydney, New South Wales, Australia - 45-47 Raglan St, Marrickville NSW 2204. This area is known for its vibrant atmosphere, historic architecture, and cultural events. Residents can enjoy a mix of trendy cafes, restaurants, and boutique shops. The nearby Marrickville Park offers a peaceful escape with walking trails and a playground for kids. The area is also well-connected to the city center via public transport, making it an ideal location for professionals and families alike. The local community is diverse and welcoming, with a strong sense of neighborhood spirit. The property itself is a stunning 5-bedroom bungalow with high ceilings, large windows, and a spacious backyard perfect for outdoor entertaining. The interior design is modern and sleek, with a neutral color palette and plenty of natural light. The property has been meticulously maintained and is ready for its new owners to move in and make it their own.",825000,220,Available
1,Bungalow 5BHK,"The property is situated in the heart of Sydney, overlooking the beautiful Sydney Harbour. It boasts stunning views of the iconic Opera House and Harbour Bridge. The residence is a short drive from the bustling city centre, with easy access to public transport, shops, and restaurants. The property is perfect for those who want to experience the best of Sydney's lifestyle and scenery.",950000,4000,Available
7,Bungalow 4BHK,"44 Gordon Street, Glen Iris, Melbourne, Victoria, Australia. The Glen Iris property is situated in the heart of Melbourne's leafy eastern suburbs, offering a serene and peaceful lifestyle. The property is close to local parks, shopping centers, and public transportation. Residents can enjoy easy access to Melbourne's CBD, universities, and other attractions. The area is known for its tree-lined streets, historic homes, and vibrant community. Glen Iris is a highly sought-after suburb with excellent schools, parks, and recreational facilities. The property is perfect for families, professionals, and retirees alike, offering a relaxed and enjoyable lifestyle in a beautiful setting. The Glen Iris property is a rare find, offering a unique blend of natural beauty, convenience, and lifestyle. Residents can enjoy a range of activities, including walking, cycling, and exploring the local parks and gardens. The property is also close to the Yarra River, offering scenic views and opportunities for boating and fishing. With its stunning natural setting, excellent amenities, and convenient location, the Glen Iris property is a must-see for anyone looking for a peaceful and enjoyable lifestyle in Melbourne's eastern suburbs.",525000,245,Available
12345,Bungalow 5BHK,"The picturesque town of Byron Bay, nestled in the heart of New South Wales, Australia. Byron Bay is a popular tourist destination known for its stunning beaches, lush rainforests, and vibrant cultural scene. With a rich history dating back to the 19th century, the town has evolved into a thriving community that offers a unique blend of relaxation and adventure. Visitors can explore the historic Main Beach, visit the iconic Cape Byron Lighthouse, or take a whale-watching tour to spot humpback whales in their natural habitat. Byron Bay is a must-visit destination for anyone looking to experience the best of Australia's coastal lifestyle.",825000,250,Available
12345,Bungalow 5BHK,"The picturesque coastal town of Byron Bay, nestled in the beautiful region of New South Wales, Australia. Byron Bay is known for its stunning beaches, vibrant culture, and eco-tourism activities. Visitors can enjoy whale watching, snorkeling, or simply take a leisurely stroll along the beach. Byron Bay has a strong focus on sustainability and wellness, with numerous health food cafes, yoga studios, and eco-friendly accommodations. The town's laid-back atmosphere makes it an ideal destination for those seeking a relaxing getaway from the hustle and bustle of city life. With its rich history, diverse wildlife, and breathtaking scenery, Byron Bay is a must-visit destination for any traveler. ",825000,250,Available
1,Bungalow 4BHK,"123 Smith Street, Fitzroy, Melbourne VIC 3065. Fitzroy is a vibrant and eclectic suburb in Melbourne's inner north. It's known for its bohemian vibe, street art, and trendy cafes. The area is surrounded by parks and gardens, including the iconic Fitzroy Gardens, which feature stunning architecture and beautiful tree-lined avenues. Fitzroy is a popular destination for foodies, with a wide range of restaurants, bars, and cafes serving everything from traditional Australian cuisine to international flavors. Visitors can explore the suburb's many boutiques, art galleries, and vintage shops, or take a stroll along the nearby Yarra River. Whether you're looking for a relaxing day out or an action-packed adventure, Fitzroy has something for everyone. With its rich history, cultural attractions, and natural beauty, Fitzroy is a must-visit destination in Melbourne's inner north. The area is easily accessible by public transport, with several tram and train lines running through the suburb. Fitzroy is a great place to live, work, and play, with its friendly community, excellent schools, and plenty of amenities. Whether you're a local or just visiting, Fitzroy is a place that will leave you feeling inspired and connected to the community.",825000,250,Available
2,Bungalow 5BHK,"The property is situated in the picturesque town of Margaret River, Western Australia. The town is known for its stunning beaches, world-class wineries, and vibrant arts scene. It is a popular destination for tourists and locals alike, with its natural beauty and relaxed atmosphere making it an ideal place to live. The property itself is nestled in a quiet cul-de-sac, surrounded by lush greenery and just a short walk from the town centre. The area is serviced by a variety of shops, restaurants, and cafes, making it easy to access all the amenities you need without having to venture far. The property is perfect for those looking for a peaceful and convenient lifestyle in a beautiful part of the world.",850000,250,Available
10001,Bungalow 5BHK,"Sydney's picturesque suburbs, offering a serene and peaceful atmosphere with stunning views of the surrounding landscape, featuring lush greenery and picturesque walking trails that wind through the hills, and a variety of wildlife that inhabit the area, including birds, kangaroos, and koalas. The location is also close to local shops, restaurants, and amenities, making it an ideal choice for families and professionals alike.",850000,250,Available
1001,Bungalow 5BHK,"The address is located in the heart of the vibrant city of Sydney, in the state of New South Wales. The area is known for its stunning beaches, scenic coastal walks, and diverse cultural events. The residents of this area enjoy a high quality of life, with easy access to public transportation, shopping centers, and top-rated schools. The climate is mild, with warm summers and cool winters, making it an ideal location for people of all ages. Residents can explore the famous Sydney Opera House, visit the iconic Bondi Beach, or take a scenic drive along the picturesque coastline. The area is also home to a diverse range of restaurants, cafes, and shops, offering a unique blend of Australian and international cuisine. With its beautiful scenery, rich history, and modern amenities, this location is a perfect place to call home. The area is also close to several parks and nature reserves, offering plenty of opportunities for outdoor activities, such as hiking, cycling, and picnicking. Whether you're looking for a relaxing getaway or an exciting urban experience, this location has something for everyone.",825000,2500,Available
1001,Bungalow 5BHK,"Located in the heart of Sydney, Australia, this stunning 5BHK bungalow boasts breathtaking views of the iconic Sydney Harbour Bridge and the picturesque Sydney Opera House. With its unique blend of modern and traditional architectural styles, this property is a true masterpiece. The interior is flooded with natural light, and the expansive living areas offer the perfect space for relaxation and entertainment. The property also features a spacious backyard with a private swimming pool and a beautifully manicured garden. The location is perfect, with easy access to the city centre, public transport, and popular amenities such as restaurants, cafes, and shopping centres.",AUD 2500000,3000,Available
1001,Bungalow 5BHK,"A secluded beachside villa in Byron Bay, with breathtaking views of the Pacific Ocean and surrounding lush tropical rainforest.",AUD 2500000,1200,Available
1,Bungalow 4BHK,"The historic city of Melbourne, nestled in the southeastern part of the Australian state of Victoria, is a vibrant cultural hub with a rich history dating back to the 19th century. The city's iconic landmarks include the Royal Botanic Gardens, the National Gallery of Victoria, and the Melbourne Cricket Ground. Visitors can stroll along the Yarra River, explore the city's street art scene, or visit the famous Queen Victoria Market for a taste of local produce and handmade crafts. Melbourne is also a haven for foodies, with a diverse range of cuisines and restaurants to suit every palate. Whether you're interested in history, culture, or simply enjoying the great outdoors, Melbourne has something for everyone.",850000,250,Available
2,Bungalow 5BHK,"In a picturesque town in New South Wales, surrounded by lush greenery and overlooking the serene waters of Lake Macquarie, is a stunning 5-bedroom bungalow. The property boasts a spacious open-plan living area, complete with a large kitchen and dining space that flows seamlessly into a comfortable lounge room. The home also features a spacious master bedroom with an expansive walk-in wardrobe and an ensuite bathroom. The additional four bedrooms are serviced by a modern family bathroom and a separate toilet. The property is set on a 1200 square meter block of land, offering ample space for a pool, gardens, and a double garage. The location is perfect for those who want to be close to the action but still enjoy a peaceful and private lifestyle. The property is within walking distance to local shops, cafes, and restaurants, and is only a short drive to the nearby beaches and scenic coastal walks.",850000,1200,Available
1,Bungalow 4BHK,"The location is situated in the heart of Sydney, surrounded by lush greenery and offering breathtaking views of the harbor. The area is known for its vibrant cultural scene, with numerous restaurants, cafes, and art galleries nearby. Residents can enjoy a stroll along the picturesque waterfront, visit the famous Sydney Opera House, or take a ferry to nearby Manly Beach. The location is also conveniently close to major shopping centers, schools, and hospitals, making it an ideal choice for families and professionals alike. Furthermore, the property is situated in a quiet and secure neighborhood, ensuring a peaceful and comfortable living experience.",850000,200,Available
1001,Bungalow 4BHK,"Situated in the picturesque Blue Mountains, New South Wales, Australia, this stunning property boasts breathtaking views of the Jamison Valley. The location offers a serene and peaceful atmosphere, perfect for those seeking a tranquil retreat from the hustle and bustle of city life. With its close proximity to the Three Sisters rock formation, shopping centers, and other local attractions, this property provides the ideal blend of seclusion and convenience. The property itself is a beautifully crafted 4-bedroom bungalow, offering ample space for a large family or group of friends to relax and unwind. The interior features a stylish and modern design, complete with high ceilings, large windows, and a spacious open-plan living area. The property also boasts a large outdoor entertaining area, perfect for alfresco dining and socializing. Whether you're looking for a permanent residence or a holiday home, this property is sure to impress.",825000,250,Available
1,Bungalow 5BHK,"A secluded beachside resort in Byron Bay, New South Wales, Australia, surrounded by lush rainforests and crystal-clear waters. The property boasts an expansive 3500 square meter land area, complete with a private beach, swimming pool, and an array of tropical trees. The nearby town offers a range of restaurants, cafes, and shops, while the famous Cape Byron Lighthouse is just a short drive away. Byron Bay is known for its stunning natural beauty, vibrant arts scene, and relaxed atmosphere, making it the perfect destination for those seeking a peaceful and rejuvenating getaway.",5250000,3500,Available
1,Bungalow 4BHK,"In a lush 12-acre property nestled in the picturesque town of Daylesford, Victoria, Australia, a serene haven awaits. The town is renowned for its natural hot springs, historic architecture, and vibrant arts scene. Surrounded by rolling hills and verdant forests, this secluded retreat offers a tranquil escape from the hustle and bustle of city life. Daylesford is a popular tourist destination, attracting visitors from all over the world with its unique blend of natural beauty and cultural charm.",1200000,400,Available
1001,Bungalow 5BHK,"Sydney's scenic Northern Beaches, located in the picturesque suburb of Mona Vale, is a coastal paradise offering a relaxed atmosphere and breathtaking ocean views.",AUD 1200000,450,Available
1,Bungalow 4BHK,"The house is situated on a quiet street in the heart of Melbourne, overlooking the picturesque Yarra River. The area is known for its vibrant cultural scene, with numerous art galleries, museums, and performance venues. In addition, the neighborhood offers easy access to public transportation, shopping centers, and a variety of dining options. The local community is friendly and welcoming, making it an ideal place to call home. The nearby Royal Botanic Gardens provide a peaceful escape from the hustle and bustle of city life, offering stunning views of the city skyline and a chance to connect with nature.",825000,250,Available
1,Bungalow 4BHK,"The property is situated in a tranquil and picturesque region of rural Victoria, Australia, with lush rolling hills, verdant pastures, and a serene atmosphere. The location is perfect for those seeking a peaceful retreat from the hustle and bustle of city life. The nearby town of Kyneton offers a range of amenities, including shops, restaurants, and cafes, making it an ideal spot for both relaxation and exploration.",525000,1200,Available
1,Bungalow 4BHK,"Sydney's picturesque Northern Beaches, near the famous Palm Beach, offers a tranquil atmosphere and breathtaking views of the Pacific Ocean. The area is known for its laid-back surf culture and stunning beaches, making it an ideal location for those seeking a relaxed coastal lifestyle. The nearby town of Avalon provides easy access to shopping, dining, and entertainment options, while the scenic coastal walk offers a picturesque route for exploring the area's natural beauty. With its unique blend of relaxation and activity, Sydney's Northern Beaches is the perfect destination for those looking to escape the hustle and bustle of city life and connect with nature.",825000,250,Available
1,Bungalow 4BHK,"The property is situated in a picturesque suburb of Sydney, overlooking the beautiful Royal National Park. This area is known for its stunning beaches, lush greenery, and diverse wildlife. It's a perfect place to escape the hustle and bustle of city life and connect with nature.",850000,2500,Available
1,Bungalow 5BHK,"Sydney, New South Wales, Australia. The location is known for its iconic Opera House and Harbour Bridge. Sydney is a culturally and ethnically diverse city with a strong economy and high standard of living. It is home to many world-class universities, museums, and galleries. The city is also famous for its beautiful beaches, such as Bondi Beach and Manly Beach, which are popular tourist destinations. Sydney is a melting pot of cultures, with a strong presence of Asian, European, and Indigenous Australian communities. The city's cuisine is a reflection of its diverse cultural heritage, with popular dishes including Chinese stir-fries, Italian pasta, and traditional Australian barbecues. Sydney is a vibrant and exciting city that offers something for everyone, whether you're interested in history, culture, food, or outdoor activities.",850000,250,Available
12345,Bungalow 5BHK,"Sydney, New South Wales, Australia
The property is situated in a prime location with breathtaking views of the harbour.
It's a short walk to the city centre, with access to public transport, shopping, and dining.
The area is known for its beautiful parks, beaches, and vibrant cultural scene.
Residents can enjoy a range of amenities, including a fitness centre, swimming pool, and BBQ area.
It's an ideal place to live for those who want to be close to the action but still have a sense of community.

This stunning property is a rare find in one of the most sought-after suburbs in Sydney.
With its modern design, spacious living areas, and high-quality finishes, it's sure to impress.
The property features a spacious living room, gourmet kitchen, and four generous bedrooms.
The master bedroom has an en-suite bathroom and a large walk-in wardrobe.
The property also has a double garage and a private courtyard.
It's the perfect home for a family or professional looking for a stylish and comfortable living space.

The property is available for immediate sale and is priced competitively at $1200000.
Don't miss out on this incredible opportunity to own a piece of Sydney's real estate history.
Contact us today to arrange a viewing.",1200000.00,250,Available
1,Bungalow 4BHK,"The picturesque Blue Mountains region in New South Wales, Australia, with breathtaking views of the Jamison Valley. Located near Katoomba, this area is known for its vibrant arts scene and a range of outdoor activities, including hiking and rock climbing. The region's unique landscape has been shaped by millions of years of erosion, creating a diverse range of flora and fauna. Visitors can explore the Three Sisters rock formation, the Scenic Railway, and the Skyway for panoramic views.",850000,250,Available
1,Bungalow 5BHK,"Melbourne's vibrant inner-city suburb of Fitzroy, known for its beautiful parks and gardens, eclectic cafes, and thriving arts scene. Fitzroy is a popular destination for tourists and locals alike, offering a unique blend of Victorian-era architecture, boutique shopping, and world-class dining. The suburb is also home to the famous Brunswick Street, lined with restaurants, bars, and live music venues. Whether you're looking for a relaxing stroll through the gardens or a lively night out, Fitzroy has something for everyone.",825000,220,Available
7,Bungalow 4BHK,"Located in the heart of Sydney, Australia, 123 Main Street, New South Wales. This beautiful property is situated in a quiet neighborhood, surrounded by lush greenery and offers a serene atmosphere for its residents. The property boasts of a spacious living room, a well-equipped kitchen, and four spacious bedrooms, each with its own attached bathroom. The property is perfect for a family or a group of friends looking for a comfortable and peaceful living experience. The location is easily accessible by public transportation and is close to various amenities like shopping centers, restaurants, and entertainment hubs. The property is available for immediate possession and is priced at $1200000. The property size is 2500 square meters. The property status is Available.",$1200000,2500,Available
12345,Bungalow 5BHK,"The scenic coastal town of Byron Bay in New South Wales, Australia, is renowned for its laid-back surfer vibe and natural beauty. Nestled in a quiet cul-de-sac, this stunning 5-bedroom bungalow boasts expansive ocean views, a private pool, and lush tropical gardens. As you step inside, you'll be greeted by high ceilings, spacious rooms, and an abundance of natural light. The kitchen is a culinary delight, featuring sleek appliances, ample storage, and a breakfast nook perfect for starting your day. With its perfect blend of relaxation and entertainment, this property is an absolute must-see for anyone seeking a tranquil retreat in a picturesque setting. The local beach is just a short stroll away, offering endless opportunities for swimming, surfing, and sunbathing. The nearby town centre is home to a variety of shops, restaurants, and cafes, catering to all tastes and preferences. Whether you're looking for a permanent residence or a holiday home, this incredible bungalow is sure to impress.",825000,350,Available
P0000017,Bungalow 3BHK,"Perth, a city in Western Australia, known for its stunning beaches and vibrant cultural scene. The city has a rich history, with many historic buildings and landmarks, such as the Perth Town Hall and the Old Mill. Perth is also home to many parks and gardens, including the beautiful Kings Park and Botanic Garden, which offers stunning views of the city and the surrounding landscape. The city has a diverse economy, with major industries including mining, oil and gas, and tourism. Perth is a popular destination for tourists, with many attractions, such as the Perth Zoo, the Art Gallery of Western Australia, and the Perth Mint.",850000,160,Available
2,Bungalow 5BHK,"The picturesque town of Byron Bay in New South Wales, Australia, boasts a stunning coastline and a vibrant arts scene. It's a popular destination for surfers and beach lovers alike. The town's laid-back atmosphere and stunning natural beauty make it an ideal place to relax and unwind. Byron Bay is surrounded by lush rainforests, scenic hiking trails, and picturesque villages. The town's main street is lined with boutique shops, cafes, and restaurants, offering a unique shopping and dining experience. Byron Bay is a must-visit destination for anyone looking to experience the best of Australia's coastal towns.",825000,245,Available
1001,Bungalow 5BHK,"Located in the picturesque coastal town of Byron Bay, New South Wales, Australia. Byron Bay is a charming beachside town known for its beautiful beaches, lush rainforests, and vibrant cultural scene. With a rich history dating back to the early 19th century, Byron Bay has evolved into a popular tourist destination, attracting visitors from all over the world. The town's laid-back atmosphere, stunning natural beauty, and diverse range of activities make it an ideal place to live, work, and play. From surfing and snorkeling to hiking and whale watching, there's something for everyone in Byron Bay. Whether you're looking for a relaxing beach vacation or an action-packed adventure, Byron Bay has it all.",825000,245,Available
1001,Bungalow 5BHK,"Sydney's trendy inner-city suburb of Paddington, known for its beautiful Victorian-era architecture, boutique shopping, and vibrant cultural scene. This cosmopolitan area is a popular destination for tourists and locals alike, offering a diverse range of dining options, from high-end restaurants to casual cafes and eateries. With its stunning views of the Sydney Opera House and Harbour Bridge, Paddington is a must-visit destination for anyone looking to experience the best of Sydney's lifestyle and culture.",825000,230,Available
1001,Bungalow 5BHK,"Sydney's historic suburb of The Rocks, with its cobblestone streets and 19th-century sandstone buildings, is a popular destination for tourists and locals alike. The area is filled with boutique shops, restaurants, and bars, making it a vibrant and exciting place to visit. The Rocks is also home to the Museum of Contemporary Art, which features an impressive collection of modern and contemporary art. Visitors can explore the area's rich history and culture by taking a guided tour or wandering through the streets on their own.",850000,240,Available
12345,Bungalow 5BHK,"New South Wales, Australia - The picturesque town of Leura, nestled in the heart of the Blue Mountains, is a haven for nature lovers and those seeking a tranquil retreat from the hustle and bustle of city life. This charming town is surrounded by breathtaking scenery, with rolling hills, verdant forests, and sparkling waterfalls. Visitors can explore the town's quaint shops, cafes, and restaurants, or take a scenic drive along the winding roads that offer stunning views of the surrounding landscape. Leura is also home to the famous Leura Mall, a historic pedestrian shopping street lined with beautiful gardens, antique shops, and art galleries. Whether you're looking to relax, unwind, or explore the great outdoors, Leura is the perfect destination for anyone seeking a unique and unforgettable experience.",850000,250,Available
1,Bungalow 5BHK,"The scenic coastal town of Byron Bay, New South Wales, Australia, known for its laid-back surfer vibe, beautiful beaches, and lush rainforests. Nestled in a quiet cul-de-sac, this stunning property boasts a spacious backyard perfect for outdoor entertaining and a short walk to the town centre. Byron Bay's famous Main Beach is just a 10-minute drive away, offering a range of cafes, restaurants, and shopping options. The property's proximity to the beach and surrounding natural beauty makes it an ideal location for those seeking a relaxed coastal lifestyle.",825000,345,Available
1,Bungalow 5BHK,"Perth, Western Australia, is known for its scenic views of the Swan River. The city's central business district is a hub of activity, with a mix of modern skyscrapers and historic buildings. The city's cultural scene is also thriving, with numerous museums, galleries, and performance venues. The city's food scene is also diverse, with a wide range of cuisines to choose from, including Asian, Italian, and Middle Eastern. Perth is also home to a number of beautiful beaches, including Cottesloe Beach and Scarborough Beach, which are popular spots for swimming, sunbathing, and surfing. The city's surrounding hills and countryside offer opportunities for hiking, cycling, and horse riding.",825000,450,Available
7,Bungalow 5BHK,"123 Sydney Street, New South Wales, Australia. Located in the heart of the city, this property offers breathtaking views of the harbour. It is a 5-bedroom, 4-bathroom house with a spacious living area and a fully equipped kitchen. The property is surrounded by lush greenery and has a private garden perfect for relaxation. The area is known for its vibrant culture, with numerous restaurants, cafes, and shops within walking distance. Residents can also enjoy the nearby parks and beaches, making it an ideal location for families and professionals alike. The property is a short drive from the city centre and has easy access to public transportation, making it convenient for commuters.",850000,2500,Available
1,Bungalow 5BHK,"Sydney's prestigious Northern Beaches, where the stunning views of the Pacific Ocean and the laid-back atmosphere create the perfect blend of relaxation and excitement. Located in the heart of the beachside suburb of Avalon, this property boasts an expansive backyard, ideal for outdoor entertaining and alfresco dining. The interior design is modern and sleek, with an emphasis on functionality and comfort. The property is situated within walking distance to the local shops and restaurants, making it an ideal choice for those seeking a convenient and luxurious lifestyle.

The property features a spacious open-plan living area, complete with a large kitchen and dining area. The kitchen is equipped with high-end appliances and ample storage space. The property also boasts a generous master bedroom with an en-suite bathroom and a large walk-in wardrobe. The property is situated on a large block of land, providing ample space for a pool, garden, and outdoor living areas. The property is perfect for those seeking a luxurious and relaxing lifestyle, with easy access to the city and the beach.",825000,450,Available
2,Bungalow 5BHK,"The picturesque town of Katoomba in the Blue Mountains region of New South Wales, Australia, is known for its breathtaking scenery and outdoor activities. Located near the Three Sisters rock formation, Katoomba is a popular destination for tourists and locals alike. Visitors can enjoy hiking, rock climbing, and scenic views of the Jamison Valley. The town also has a range of accommodation options, from luxury hotels to budget-friendly hostels. In addition to its natural beauty, Katoomba has a rich cultural heritage, with a number of historic buildings and museums to explore. Whether you're looking for adventure, relaxation, or cultural experiences, Katoomba has something for everyone. With its stunning scenery and diverse attractions, Katoomba is a must-visit destination in Australia.",525000,200,Available
2,Bungalow 5BHK,"The property is located in the picturesque town of Margaret River, Western Australia, amidst the stunning scenery of the Margaret River region. This region is renowned for its world-class surf beaches, pristine rivers, and dense forests. The area is also known for its rich cultural heritage, with a strong focus on arts, crafts, and food. The climate is mild, with warm summers and cool winters, making it an ideal location for people who love the outdoors. With its natural beauty, rich culture, and relaxed atmosphere, Margaret River is the perfect place to call home.",825000,350,Available
PID_00001,Bungalow 5BHK,"Melbourne, Victoria. Melbourne is the second-largest city in Australia, with a population of over 4.9 million residents. Located in the southeastern part of the country, Melbourne is known for its cultural diversity, with over 30% of its residents born overseas. The city is home to a range of popular attractions, including the Royal Botanic Gardens, the National Gallery of Victoria, and the Melbourne Cricket Ground. Melbourne is also known for its vibrant arts and cultural scene, with numerous galleries, museums, and performance venues throughout the city. The city has a thriving food scene, with a range of international cuisines available, from traditional Australian fare to Asian, Italian, and Middle Eastern cuisine. Melbourne is also home to many universities and research institutions, including the University of Melbourne and Monash University. The city has a strong economy, with major industries including finance, healthcare, education, and technology. Melbourne is also known for its liveability, with a high quality of life and a range of amenities and services available to residents.",AUD 2500000,420,Available
100,Bungalow 4BHK,"The picturesque town of Margaret River in Western Australia, known for its pristine beaches, rolling vineyards and lush forests. Margaret River is a popular destination for surfers, beachgoers and nature lovers alike, with its stunning coastline offering a variety of activities such as surfing, whale watching and snorkelling. The town is also famous for its world-class wineries and gourmet food scene, with many award-winning restaurants and cafes serving up fresh local produce. Whether you're looking for adventure, relaxation or simply a taste of the good life, Margaret River has something for everyone.",825000,450,Available
2,Bungalow 4BHK,"The property is situated in the picturesque suburb of Mosman, overlooking the serene waters of Middle Harbour. The area is known for its natural beauty, with lush bushlands and scenic walking trails. The property itself is nestled in a quiet cul-de-sac, providing a peaceful retreat from the hustle and bustle of city life. The local community is tight-knit, with a strong sense of camaraderie and a vibrant cultural scene. The nearby Spit Bridge offers stunning views of the harbour and is a popular spot for picnics and barbecues.",825000,200,Available
7,Bungalow 5BHK,"Sydney's picturesque Northern Beaches, where the ocean meets the lush greenery of the Ku-ring-gai Chase National Park, offering a serene and picturesque setting for a tranquil retreat. The area boasts an array of scenic lookouts, pristine beaches, and a thriving local community. With its unique blend of natural beauty and urban convenience, this location is an ideal choice for those seeking a relaxed and peaceful lifestyle. From the moment you step into this stunning property, you'll be surrounded by the sights and sounds of the great outdoors, with the soothing sounds of the ocean waves and the songs of native birds creating a sense of tranquility and calm. Whether you're looking to unwind after a long day, or simply want to escape the hustle and bustle of city life, this property has everything you need to relax and rejuvenate. The property itself is a masterpiece of modern design, with its sleek lines, spacious interior, and generous outdoor living areas creating a sense of space and freedom. With its perfect blend of style, comfort, and natural beauty, this property is sure to capture your heart and become your dream home.",950000,250,Available
PID_1002,Bungalow 4BHK,"Melbourne, Australia, situated in the heart of the city, near popular shopping districts, restaurants, and cafes. The area is known for its vibrant culture, stunning architecture, and breathtaking views of the city skyline. It's a popular destination for tourists and locals alike, offering a unique blend of history, art, and entertainment. The neighborhood is also home to several parks and gardens, providing a peaceful escape from the hustle and bustle of city life. With its rich history, cultural attractions, and modern amenities, Melbourne is a must-visit destination for anyone interested in exploring the best of Australia.",AUD 850000,250,Available
1,Bungalow 5BHK,"Sydney's trendy Inner West, nestled between the bustling suburbs of Leichhardt and Balmain, offering a unique blend of urban convenience and laid-back charm. The area is renowned for its eclectic mix of Victorian-era homes, converted warehouses, and modern apartment complexes. Residents can stroll along the picturesque Iron Cove, visit the historic Leichhardt Town Hall, or explore the vibrant shopping and dining precincts of Balmain Road. With its cosmopolitan atmosphere, rich history, and easy access to the city, this desirable location is perfect for those seeking a balance of lifestyle and convenience.",825000,320,Available
1,Bungalow 4BHK,"22-24 Montague Street, Potts Point NSW 2011, Australia. The area is known for its vibrant atmosphere, with trendy cafes and restaurants lining the streets. Potts Point is a bustling hub of activity, with a mix of old and new architecture. The neighborhood is home to a diverse range of people, from young professionals to families and retirees. The area is also close to popular attractions like the Royal Botanic Garden and Mrs. Macquarie's Chair. It's a great place to experience the best of Sydney's culture and lifestyle.",825000,210,Available
1001,Bungalow 4BHK,"Sydney's picturesque Northern Beaches, located at 34 The Esplanade, Mona Vale NSW 2103, overlooking the serene Pittwater. The area boasts an array of outdoor activities, from sailing to hiking, while the vibrant Mona Vale village is just a short stroll away. The tranquil atmosphere, coupled with the stunning ocean views, makes this a perfect haven for those seeking a serene and idyllic lifestyle.",1025000,450,Available
1,Bungalow 5BHK,"The historic coastal town of Port Arthur in Tasmania's south-east, known for its 19th-century penal settlement and a collection of restored convict-era buildings, is a must-visit destination for anyone interested in Australian history. The scenic coastal views, pristine beaches, and rugged wilderness make it a perfect getaway for nature lovers. The charming town offers a range of accommodation options, from luxury hotels to cozy bed and breakfasts, and a variety of restaurants serving fresh seafood and local produce. Visitors can explore the historic site, take a boat tour, or simply enjoy the stunning scenery and relaxed atmosphere. The town's unique blend of history, culture, and natural beauty makes it a truly unforgettable experience.",825000,250,Available
1,Bungalow 5BHK,"A beautiful 5-bedroom house located in the heart of Melbourne, with stunning views of the city skyline and easy access to public transport and local amenities. The house features high ceilings, large windows, and a spacious living area perfect for entertaining. The backyard is fully fenced and has a large patio area perfect for outdoor dining and BBQs. The property is situated in a quiet neighborhood with a strong sense of community and is close to parks, schools, and shopping centers. The house is a perfect blend of modern style and traditional charm, making it an ideal choice for families, professionals, and investors alike.",825000,320,Available
2,Bungalow 5BHK,"The historic coastal town of Byron Bay, situated in the Northern Rivers region of New South Wales, Australia, is renowned for its laid-back surfer vibe, pristine beaches, and stunning sunrises. This charming town is a haven for those seeking a relaxed coastal lifestyle, with its picturesque main street lined with boutique shops, art galleries, and restaurants. Byron Bay is also a popular destination for outdoor enthusiasts, with its nearby national parks, waterfalls, and scenic hiking trails.",1020000,550,Available
7,Bungalow 5BHK,"The picturesque town of Port Fairy, situated in the southwestern part of Victoria, Australia, is a haven for those seeking a tranquil coastal lifestyle. Nestled between the Great South Coast and the rolling hills of the Grampians, this charming town boasts a rich history, vibrant arts scene, and a strong sense of community. With its pristine beaches, scenic coastal walks, and picturesque fishing village, Port Fairy is the perfect destination for those looking to escape the hustle and bustle of city life and reconnect with nature. The town's historic architecture, including its 19th-century cottages and quaint shops, adds to its charm and character. Whether you're a foodie, an art lover, or simply looking for a relaxing getaway, Port Fairy has something for everyone. Its unique blend of natural beauty, rich history, and cultural attractions makes it an ideal place to call home.",825000,450,Available
1001,Bungalow 5BHK,"The iconic Sydney Opera House is situated in the heart of Sydney Harbour, surrounded by the bustling city of Sydney, New South Wales. The picturesque Bondi Beach is a short drive away, offering breathtaking views of the Pacific Ocean. This stunning location is perfect for those who want to experience the best of Australian culture and lifestyle.",1025000,500,Available
1002,Bungalow 5BHK,"The property is situated in a serene and picturesque area of Byron Bay, surrounded by lush green forests and overlooking the crystal-clear waters of the Pacific Ocean. The location is perfect for nature lovers and those seeking a peaceful retreat from the hustle and bustle of city life. The area is also close to the famous Cape Byron Lighthouse, which is the easternmost point of Australia. Visitors can enjoy a range of outdoor activities such as hiking, surfing, and whale watching. The property is also within walking distance to the town's central shopping district, cafes, and restaurants. The scenic coastal route is just a short drive away, offering breathtaking views of the coastline and surrounding landscape.",825000,450,Available
123456,Bungalow 4BHK,"Melbourne's inner-city suburb of Carlton, located near the famous Lygon Street and the University of Melbourne. Carlton is a vibrant and eclectic area, known for its historic architecture, cultural diversity, and lively atmosphere. It's a popular destination for foodies, with a wide range of restaurants and cafes serving everything from traditional Italian cuisine to modern Australian fare. Visitors can explore the beautiful Royal Exhibition Building, a UNESCO World Heritage Site, or take a stroll along the picturesque Carlton Gardens. The area is also home to the Melbourne Museum, which showcases the city's rich history and culture. With its unique blend of history, culture, and entertainment, Carlton is a must-visit destination for anyone exploring Melbourne.",AUD 1200000,250,Available
1,Bungalow 4BHK,"Sydney, New South Wales, Australia. The city is known for its iconic landmarks such as the Sydney Opera House and the Harbour Bridge. Sydney is also famous for its beautiful beaches, including Bondi Beach and Manly Beach. The city has a diverse population and a thriving cultural scene, with many museums, galleries, and festivals throughout the year. Sydney is a popular tourist destination and a great place to live, work, and raise a family. It offers a great quality of life, with a strong economy, good education system, and a wide range of outdoor activities and amenities. The city is also home to many world-class universities, including the University of Sydney and the University of New South Wales. Sydney is a great place to visit or live, with its stunning natural beauty, rich history, and vibrant culture.",850000,240,Available
P00123,Bungalow 4BHK,"Sydney, New South Wales, Australia. 123 Main St, located in a quiet neighborhood surrounded by beautiful parks and gardens. This property is perfect for families, offering ample space for kids to play and relax. The neighborhood is also close to schools, shopping centers, and public transportation. The property itself is a stunning 4-bedroom, 3-bathroom bungalow with a spacious living area and a fully equipped kitchen. The backyard is a tranquil oasis, complete with a swimming pool and a BBQ area. The property is fully furnished and equipped with all the modern appliances you need to live comfortably. It's the perfect place to call home, whether you're a family or a professional looking for a quiet retreat. The property is situated in a safe and secure neighborhood, with 24-hour security and ample parking. The area is also known for its beautiful beaches, parks, and outdoor recreational activities, making it the perfect place to enjoy the Australian lifestyle. The property is available for immediate occupation and is priced at AU$850000. It's a must-see for anyone looking for a luxurious and comfortable living experience in Sydney.",850000.00,2500,Available