Property Type,Location,Historical Prices,Size,Amenities,Market Trends,Demand-Supply Ratio,Economic Indicators
Bungalow 5BHK,"Sydney, New South Wales, Australia","AUD 500000 (2020),AUD 550000 (2021),AUD 600000 (2022)",250,"Air conditioning, Pool, Gym, 3 car garage, 5 bedrooms, 3 bathrooms, Balcony","The Sydney real estate market has seen a steady increase in prices over the past few years, driven by high demand and limited supply. The market is expected to continue growing, with prices expected to rise by 5-7% in the next quarter.",0.85,"Low unemployment rate, high GDP growth, and increasing consumer spending are contributing to the strong demand for housing in Sydney."
Bungalow 5BHK,"Sydney, New South Wales, Australia","AUD 500000 (2020),AUD 550000 (2021),AUD 600000 (2022)",16.5,"Swimming pool, Gym, Security cameras, Parking, Lift, Air conditioning, Balcony, Laundry facilities, BBQ area, Outdoor dining area, Pantry, Dishwasher, Microwave, Refrigerator, Stovetop, Oven","The Sydney property market has been experiencing a steady increase in demand, driven by low interest rates and government incentives. The market trend is expected to continue, with prices projected to rise by 5-7% in the next quarter.",1.2,"The Australian economy is expected to grow by 3.5% in 2023, driven by strong consumer spending and government investment in infrastructure. The unemployment rate is forecasted to remain low, at around 4.5%."
Bungalow 5BHK,"Melbourne, Australia","$800000, $850000, $900000, $950000",16.5,"Swimming pool, Gym, BBQ area, Private cinema, Pantry, Security system, Alarm system, 24/7 CCTV cameras, Gated community, High-speed internet, Parking for 2 cars, Private balcony, Air conditioning",The Melbourne property market is experiencing a steady increase in demand due to its proximity to the city centre and high-quality schools. The market is expected to continue growing as more people move to the area for work and lifestyle reasons.,1.2,"The Australian economy is experiencing a period of low unemployment and steady economic growth, leading to an increase in property prices. The Reserve Bank of Australia has kept interest rates low, making it easier for people to buy properties."
Bungalow 5BHK,"Sydney, Australia","AUD 800000 (2020), AUD 900000 (2021), AUD 1000000 (2022)",16.5,"Swimming pool, Gym, Security system, Private parking, Lift access",The Sydney property market has been experiencing a steady increase in demand due to the city's growing economy and limited housing supply. The median house price has risen by 10% over the past year.,1.8,"Low unemployment rate, high consumer spending, and a strong tourism industry are contributing to the growth of the Sydney property market."
Bungalow 5BHK,"Melbourne, Australia","$1200000,$1300000,$1400000,$1500000",16.5,"Swimming pool, Gym, Lift, Air conditioning, Parking, Balcony, Laundry facilities, Security cameras, BBQ area, Community garden",The Melbourne real estate market has been experiencing a steady increase in demand due to its growing popularity as a hub for start-ups and entrepreneurs. This trend is expected to continue in the coming years as more businesses move into the area.,1.2,"The Australian economy has been growing steadily, with a low unemployment rate and a stable interest rate environment. This has led to an increase in property prices, particularly in major cities like Melbourne."
Bungalow 5BHK,"Sydney, Australia","$800000,$850000,$900000",200,"Swimming pool, Gym, Private movie theater, Gourmet kitchen, Private wine cellar","The Sydney property market has seen a steady increase in demand over the past year, driven by a strong economy and limited housing supply. This trend is expected to continue in the near future.",1.2,"Low unemployment rates and a growing economy have led to an increase in consumer spending, driving up property prices in Sydney. Additionally, the Australian government's policies aimed at stimulating economic growth have also contributed to the rise in property prices."
Bungalow 5BHK,"Melbourne, Australia","AUD 1200000,AUD 1300000,AUD 1400000,AUD 1500000,AUD 1600000",16.5,"Swimming pool, gym, community garden, BBQ area, secure parking, 24/7 security",The Melbourne property market is experiencing a steady increase in demand due to the city's growing population and limited housing supply. Prices are expected to rise in the coming months.,1.8,"Australia's strong economy and low unemployment rate are contributing to the growth in housing prices. Additionally, the government's stimulus packages have boosted consumer confidence, leading to increased demand for properties."
Bungalow 5BHK,"Melbourne, Australia","AUD 800000, AUD 850000, AUD 900000",300,"Swimming pool, Gym, BBQ area, Private cinema, Secure parking","The Melbourne property market is experiencing a moderate growth with increasing demand for luxury properties. The recent government policies have led to a surge in new developments, making it a buyer's market.",1.2,"The Australian economy is expected to grow at a steady rate, driven by the services sector. The low interest rates and government stimulus have led to an increase in consumer spending, which is expected to boost the property market."
Bungalow 5BHK,"Melbourne, VIC, Australia","AUD 800000,AUD 900000,AUD 1000000",250,"Swimming Pool, Gym, BBQ Area, Security System, Parking, Garden, Balcony, Air Conditioning, Elevator",The Melbourne property market is experiencing a moderate growth due to the increasing demand for housing. The prices are expected to rise in the coming months as more people are moving to the city for work and education opportunities.,1.2,The low unemployment rate and high consumer confidence in Australia are contributing to the growth of the property market. The government's policies to stimulate economic growth are also having a positive impact on the market.
Bungalow 4BHK,"Sydney, Australia","AUD 500000 in 2020, AUD 550000 in 2021, AUD 600000 in 2022",20.5,"Swimming pool, Gym, Parking, Lift, Security, 24/7 Maintenance, Community Centre, BBQ Area, Outdoor Playground, Pets Allowed, Laundry Facilities, Close to Public Transport, Walk-in Wardrobe, Pantry, Double Glazed Windows, Air Conditioning, Ceiling Fans","The Sydney real estate market has been experiencing a steady increase in demand due to the city's strong economy and limited housing supply. The median house price has risen by 10% in the past year, making it an attractive investment opportunity for both local and international buyers.",0.8,"The Australian economy is expected to experience a moderate growth rate of 2.5% in the next quarter, driven by a strong services sector and a rebound in consumer spending. The low unemployment rate of 3.9% and a stable interest rate environment are also expected to support the housing market."
Bungalow 5BHK,"Melbourne, Victoria, Australia","AUD 1000000 (2020), AUD 1200000 (2022), AUD 1500000 (2023)",16.5,"Swimming pool, Gym, Sauna, BBQ area, Secure parking, Lift access, Air conditioning, Alarm system, Balcony, Garden, Laundry facilities, Microwave, Oven, Refrigerator, Stove, Washing machine","Melbourne's property market has been experiencing a steady growth in recent years, driven by strong demand from both local and international buyers. The city's economic hub status, coupled with its high standard of living, has made it an attractive destination for investors and homebuyers alike.",1.2,"Australia's economic growth is expected to remain strong in the coming years, driven by a surge in investment and consumer spending. The country's low unemployment rate and high population growth are also expected to contribute to a stable and growing property market."
Bungalow 5BHK,"Sydney, New South Wales, Australia","{""2022-01-01"": 850000, ""2022-06-01"": 920000, ""2022-12-01"": 950000}",16.5,"Swimming pool, Gym, Security system, Parking, Lift",The Sydney property market is expected to continue growing due to the city's strong economy and limited housing supply. Prices are expected to rise by 5-7% in the next quarter.,1.2,"The Australian economy is expected to grow by 3.5% in 2023, driven by a strong services sector and government stimulus. Low interest rates and a stable currency will also support property prices."
Bungalow 4BHK,"Melbourne, Australia","AUD 800000 (2020),AUD 1000000 (2021),AUD 1200000 (2022)",240,"Swimming pool, GYM, Sauna, Outdoor BBQ, Playground, Parking, Lift, Security cameras, 24/7 Security, Fire alarm, CCTV",Melbourne's real estate market is experiencing a surge in demand due to its proximity to major employment hubs and top-ranked universities.,1.8,"The Australian economy is expected to grow at a steady pace, driven by a strong services sector and low unemployment rates, which will continue to support housing demand."
Bungalow 5BHK,"Sydney, Australia","AUD 800000 (2020), AUD 900000 (2021), AUD 1000000 (2022)",24.5,"Swimming pool, garden, private parking, gym, community center, nearby restaurants and shops","The Sydney real estate market is experiencing a moderate increase in demand due to the city's growing population and limited housing supply. The median house price has risen by 10% over the past year, driven by strong buyer interest and limited new listings.",1.2,Australia's low unemployment rate and stable economic growth are contributing to the strong demand for housing in Sydney. The city's proximity to major business hubs and transportation links also makes it an attractive location for commuters and businesses alike.
Bungalow 5BHK,"Melbourne, Australia","$1200000, $1100000, $1050000, $1300000, $1250000, $1180000",19.5,"Swimming pool, Gourmet kitchen, High ceilings, Private balcony, 5 bedrooms, 4 bathrooms, Secure parking, Lift access","The Melbourne real estate market has seen a significant increase in demand for luxury properties, driven by the city's growing tech industry and limited housing supply. As a result, prices for high-end properties have risen steadily over the past year, with some areas experiencing double-digit growth.",1.23,"Low unemployment rate, Strong GDP growth, Increased consumer spending, Rising interest rates, Government policies supporting housing affordability"
Bungalow 4BHK,"Melbourne, Australia","AUD 500000,AUD 550000,AUD 600000,AUD 650000,AUD 700000",20.5,"Swimming pool, Gym, Sauna, 24/7 Security, Lift, Parking, CCTV","The Melbourne property market has experienced a steady increase in demand over the past year, driven by a growing population and limited housing supply. This trend is expected to continue, with prices likely to rise by 5-7% in the next quarter.",1.2,"Australia's strong economy, low unemployment rate, and growing population have contributed to a surge in property prices. The country's central bank has also implemented policies to stimulate economic growth, further driving up demand for housing."
Bungalow 5BHK,"Sydney, Australia","AUD 1000000,AUD 1200000,AUD 1400000",230,"Swimming pool, Gym, BBQ area, Secure parking, Lift access","The Sydney property market has been experiencing a steady growth over the past few years, driven by low interest rates and high demand for housing.",1.2,"Australia's strong economy, low unemployment rate, and stable interest rates are contributing to the growth in property prices."
Bungalow 5BHK,"Melbourne, Australia","AUD 800000, AUD 900000, AUD 1000000",250.5,"Swimming pool, GYM, Parking, Security, Lift","Melbourne's property market is expected to see a moderate growth in the coming years, driven by low interest rates and strong demand from first-home buyers and investors.",1.2,"Australia's low unemployment rate and stable economy are expected to support the property market, with a potential increase in prices due to the limited supply of properties."
Bungalow 5BHK,"Sydney, Australia","AUD 1200000 (2020), AUD 1300000 (2021), AUD 1400000 (2022)",200,"Gym, Swimming Pool, Private Garden, Gourmet Kitchen, High-Speed Elevator","The Sydney real estate market is experiencing a surge in demand, driven by low interest rates and a growing economy. Prices are expected to rise by 10% in the next quarter.",1.5,"Australia's GDP growth is projected to reach 3.5% in 2023, driven by a strong services sector and government stimulus packages."
Bungalow 4BHK,"Melbourne, Australia","$450000 (2020),$500000 (2021),$550000 (2022)",12.5,"Pool, Gym, Tennis Court, BBQ Area, Landscaped Garden","The Melbourne property market has seen a steady increase in demand, driven by low interest rates and a limited supply of housing stock.",1.8,"The Australian economy is expected to experience moderate growth, with low unemployment rates and a strong services sector."
Bungalow 5BHK,"Sydney, Australia","AUD 500000 (2020), AUD 600000 (2021), AUD 700000 (2022)",12.5,"Gym, Pool, Security, Parking, Lift, Air Conditioning, Balcony, Garden, BBQ Area","The Sydney real estate market has seen a steady increase in demand for luxury properties, driven by the city's strong economy and limited supply of high-end housing.",1.8,"Low unemployment rate, high GDP growth, and increasing population have contributed to the rise in property prices in Sydney."
Bungalow 4BHK,"Sydney, Australia","AUD 1200000, AUD 1500000, AUD 1800000",20.5,"Pool, Gym, Tennis Court, Gourmet Kitchen, 5 Bedrooms, 4 Bathrooms",The Sydney real estate market is expected to experience a moderate increase in prices due to the growing demand for housing and limited supply of properties.,1.8,"Low unemployment rates, strong economy, and increasing population are driving the demand for housing in Sydney, resulting in higher prices."
Bungalow 5BHK,"Melbourne, Australia","AUD 500000 (2020),AUD 550000 (2021),AUD 600000 (2022)",200,"Swimming pool, gym, tennis court, playground, BBQ area, parking space, 24/7 security, community garden, pet-friendly, wheelchair accessibility","The Melbourne property market has been experiencing a steady increase in prices over the past few years, driven by high demand and limited supply. The market trend is expected to continue, with prices projected to rise by 5% in the next quarter.",1.2,"The Australian economy is expected to experience moderate growth in the next quarter, driven by low unemployment rates and high consumer spending. However, the property market may be affected by rising interest rates and decreasing consumer confidence."
Bungalow 5BHK,"Melbourne, Australia","AUD 500000, AUD 550000, AUD 600000",16.2,"Swimming pool, Gym, Security cameras, Parking, Lift",The Melbourne real estate market is experiencing a steady increase in prices due to high demand and limited supply. The market trend is expected to continue in the coming years.,0.8,"The Australian economy is expected to experience moderate growth in the coming years, driven by a strong services sector and low unemployment rates. However, the housing market may be affected by rising interest rates and increased regulation."
Bungalow 4BHK,"Melbourne, Australia","AUD 500000 (2020), AUD 550000 (2021), AUD 600000 (2022) ",190,"Swimming pool, Gym, Playground, BBQ area, Secure parking, Lift access, Laundry facilities","The Melbourne property market has seen a steady increase in demand for 4-bedroom homes in recent years, driven by growing families and professionals seeking more space. With a low supply of such properties, prices are expected to rise further.",1.2,"Melbourne's strong economy, driven by its finance and education sectors, continues to drive up property prices. The city's population growth and limited land availability also contribute to the upward trend."
Bungalow 5BHK,"Sydney, New South Wales, Australia","AUD 1500000 (2020), AUD 1800000 (2021), AUD 2200000 (2022)",225,"Swimming pool, gym, spa, private balcony, secure parking, elevator access","The Sydney property market has seen a steady increase in prices over the past few years, with a current average growth rate of 5% annually. The demand for properties in Sydney remains high, driven by a strong economy and limited supply.",1.2,"Low unemployment rate (3.5%), high GDP growth rate (3.8%), and increasing consumer spending have contributed to the rising property prices in Sydney."
Bungalow 5BHK,"Sydney, New South Wales, Australia","AUD 800000,AUD 850000,AUD 900000,AUD 950000,AUD 1000000",24.5,"Swimming pool, GYM, Parking, Security cameras, Lift access",The Sydney property market is expected to rise due to increasing demand for housing.,0.8,Low unemployment rates and high economic growth in Australia are expected to boost property prices.
Bungalow 5BHK,"Melbourne, Australia","$450000, $420000, $400000, $380000",20.5,"Swimming pool, Gym, Playground, Security, Parking",The Melbourne property market is experiencing a moderate growth due to the increasing demand for housing. The prices are expected to rise by 5-7% in the next quarter.,1.2,"The Australian economy is expected to grow by 2.5% in the next year, driven by the strong demand for housing and infrastructure development."
Bungalow 4BHK,"Sydney, New South Wales, Australia","{'price': 800000, 'date': '2022-01-01'},{'price': 820000, 'date': '2022-02-01'}",20.5,"Swimming pool, gym, garden, parking, 24/7 security, air conditioning, lift access, high-speed internet, laundry facilities, storage space, pet-friendly, wheelchair accessible","The Sydney real estate market is experiencing a steady increase in prices due to high demand and limited supply. The median house price has risen by 10% over the past year, with prices expected to continue rising in the coming months.",1.2,"The Australian economy is expected to grow at a rate of 3% in 2024, driven by a strong labor market and low unemployment. The Reserve Bank of Australia has indicated that interest rates are likely to remain stable in the short term, which is expected to support the housing market."
Bungalow 5BHK,"Melbourne, VIC, Australia","AUD 500000 (2020),AUD 550000 (2021),AUD 600000 (2022)",16.5,"Pool, Gym, Tennis Court, Private Balcony, High-Speed Internet","The Melbourne property market has experienced a steady growth in demand, driven by low interest rates and a strong economy. With a limited supply of properties, prices are expected to continue rising.",1.23,"Low unemployment rates, high consumer spending, and a growing population have contributed to the strong demand for properties in Melbourne."
Bungalow 4BHK,"Melbourne, Australia","$800000, $850000, $900000",20.5,"Swimming Pool, Gym, Tennis Court, Private Garden, Gourmet Kitchen, Walk-in Wardrobe, 4 Car Garage","The Melbourne property market has been experiencing a steady increase in prices over the past year, driven by high demand from local and international buyers. With a strong economy and a growing population, the demand for housing in Melbourne is expected to continue to rise.",1.8,"Low unemployment rates, high population growth, and a strong economy have contributed to the increase in property prices in Melbourne. The city's proximity to major employment centers, universities, and cultural attractions also make it an attractive location for buyers."
Bungalow 5BHK,"Sydney, Australia","$800000, $950000, $1100000, $1200000",16.5,"Swimming pool, Gym, Tennis court, BBQ area, Gated community","The Sydney property market is experiencing a steady increase in demand due to its proximity to beaches and business districts. With a low vacancy rate, it's a great time to invest in a Bungalow 5BHK in Sydney.",0.8,"The Australian economy is expected to grow at a rate of 3% in the next quarter, driven by government spending and infrastructure development. This is likely to have a positive impact on the property market in Sydney."
Bungalow 5BHK,"Melbourne, Australia","$1200000, $1300000, $1400000",16.5,"Swimming pool, Gym, Sauna, BBQ area, Security cameras, Parking for 2 cars, Lift access","The Melbourne property market is experiencing a steady increase in demand due to its proximity to the city center and quality of schools. However, the supply of properties is limited, leading to a decrease in vacancy rates.",1.2,"Low unemployment rate, High GDP growth, Increasing population, Strong demand for housing"
Bungalow 5BHK,"Sydney, Australia","AUD 1200000 in 2020, AUD 1300000 in 2021, AUD 1400000 in 2022",250,"Swimming pool, gym, parking, 24/7 security, lift, air conditioning, internet, laundry facilities","The Sydney property market has seen a steady increase in prices over the past few years, driven by high demand and limited supply. The market is expected to continue growing, with prices projected to rise by 5-7% in the next year.",0.8,"Low unemployment rate, high GDP growth, and low interest rates have contributed to the strong demand for properties in Sydney. The Australian government's stimulus packages have also boosted the economy, leading to increased property prices."
Bungalow 4BHK,"Melbourne, Australia",AUD 1200000,246,"Gym, Pool, Parking, Lift, Security, BBQ Area, Garden","The Melbourne property market has seen a steady increase in prices over the past year, driven by low interest rates and a strong economy. However, the market is expected to slow down in the coming months due to rising interest rates and a decrease in consumer confidence.",0.8,"The Australian economy is expected to experience a moderate growth rate in the coming year, driven by a strong services sector and an increase in government spending. However, the economy is also expected to face challenges from a decline in commodity prices and a rise in unemployment."
Bungalow 5BHK,"Melbourne, VIC, Australia","AUD 800000,AUD 850000,AUD 900000,AUD 950000,AUD 1000000",15.5,"Swimming pool, Gym, Lift, Security, Parking, BBQ area, Playground","The Melbourne housing market has been steadily increasing in value over the past few years, driven by low interest rates and a strong economy. However, the market is expected to slow down in the coming months due to government regulations and changes in consumer behavior.",0.8,"The Australian economy is expected to continue growing in the coming years, driven by a strong services sector and a growing population. However, there are concerns about the impact of the COVID-19 pandemic on the economy and the housing market."
Bungalow 5BHK,"Melbourne, Australia",AUD 800000 - 1200000 (2020-2022),250,"Swimming pool, Gym, Parking, 24-hour security, Lift, Laundry facilities","The Melbourne real estate market is experiencing a moderate growth, with prices increasing by 5-7% annually. This trend is expected to continue due to the city's strong economy and limited housing supply.",0.8,"Melbourne's economy is driven by its strong services sector, with major industries including finance, education, and healthcare. The city's population is also expected to grow by 15% in the next 5 years, further increasing demand for housing."
Bungalow 5BHK,"Melbourne, Australia","AUD 1000000 in 2020, AUD 1200000 in 2021, AUD 1400000 in 2022",320,"Swimming pool, Gym, 24/7 security, Car parking, Lift access","The Melbourne property market has seen a steady increase in prices over the past few years, driven by strong demand from both local and international buyers. The market is expected to continue growing, with prices projected to rise by 10% in the next year.",1.2,"The Australian economy is expected to experience a moderate growth rate of 2.5% in the next year, driven by a strong services sector and low unemployment rates. The Reserve Bank of Australia has kept interest rates stable, making it an attractive time to invest in the property market."
Bungalow 4BHK,"Sydney, New South Wales, Australia","AUD 1200000 (2020), AUD 1300000 (2021), AUD 1400000 (2022)",25.5,"Swimming pool, Gym, Private garden, Gourmet kitchen, Parking, Security system, Laundry facilities","The Sydney property market has been experiencing a steady increase in demand due to the city's growing economy and limited housing supply. With the average house price rising by 10% in the past year, it is an excellent time for investors to consider purchasing a property in Sydney.",1.2,"Low unemployment rate (3.5%), high GDP growth rate (3.8%), and increasing population density (2500 people per square kilometer) are some of the key economic indicators that are driving the demand for properties in Sydney."
Bungalow 5BHK,"Sydney, Australia","AUD 500000,AUD 550000,AUD 600000",20.5,"Pool, Gym, Parking, Security, Garden",Steady growth in property prices due to low interest rates and high demand from investors.,1.8,"Australia's strong economy and low unemployment rate contribute to a stable housing market, with prices expected to rise by 5% in the next quarter."
Bungalow 5BHK,"Sydney, Australia","AUD 1200000 (2020),AUD 1300000 (2021),AUD 1400000 (2022)",250,"Swimming pool, gym, 24/7 security, private parking, BBQ area","The Sydney real estate market has seen a steady increase in prices over the past few years, driven by high demand and limited supply. With the city's growing population and economy, it's expected that prices will continue to rise.",1.5,"Low unemployment rates and a strong economy have contributed to the growth in property prices, with interest rates remaining low and investor demand remaining high."
Bungalow 5BHK,"Melbourne, Australia","$1.2M, $1.3M, $1.4M",250.5,"Swimming pool, gym, park, public transport, school, shops, restaurant, bar, parking, security, lift, air conditioning, heating, balcony, garden, storage","The Melbourne property market has seen a steady increase in prices over the past year, driven by strong demand from both local and international buyers. The market is expected to continue growing, with prices projected to rise by 5-7% in the next 12 months.",1.2,"The Australian economy is expected to experience a moderate growth rate of 2.5% in the next quarter, driven by a strong services sector and low unemployment. However, the housing market may be affected by rising interest rates and a decline in consumer confidence."
Bungalow 5BHK,"Melbourne, Australia","AUD 1200000,AUD 1300000,AUD 1400000,AUD 1500000",250,"Swimming pool, gym, spa, BBQ area, outdoor kitchen, 3 car garage, garden, security cameras, smart home system, Wi-Fi throughout, 5 bedrooms, 4 bathrooms, 3 living areas, 2 studies, 2 powder rooms, 1 laundry room","The Melbourne property market has seen a steady increase in prices over the past year, with a median house price of AUD 1200000. The demand for properties in Melbourne is high, driven by the city's strong economy and high standard of living. The supply of properties is relatively low, with a low vacancy rate of 1.5% and a high rental yield of 4.5%.",1.8,"The Australian economy is expected to experience moderate growth in the coming years, driven by an increase in exports and a decrease in unemployment. The Reserve Bank of Australia has kept interest rates low, making it an attractive time to invest in property. The Melbourne property market is expected to continue to grow, with a predicted median house price of AUD 1500000 by the end of the year."
Bungalow 5BHK,"Sydney, New South Wales, Australia","{'value': 1200000, 'date': '2022-01-01'},{'value': 1300000, 'date': '2022-06-01'}",250,"Swimming pool, Gourmet kitchen, Private cinema, Smart home automation, Secure parking, High-speed internet, Fitness center, BBQ area, Landscaped gardens","The Sydney real estate market is experiencing a steady growth, with a high demand for luxury properties like this Bungalow 5BHK. The median house price has increased by 10% in the last quarter.",1.2,"Low unemployment rate, stable interest rates, and a strong economy are contributing to the increased demand for properties in Sydney. The city's proximity to beaches and scenic views is also a major draw for buyers."
Bungalow 4BHK,"Melbourne, Australia","$800000, $850000, $900000, $950000, $1000000",16.5,"Swimming pool, gym, BBQ area, outdoor kitchen, 2 car garage, security system, air conditioning, solar panels, dishwasher, microwave, oven, refrigerator, laundry facilities, private balcony","The Melbourne real estate market has seen a significant increase in demand over the past year, driven by a strong economy and limited housing supply. Prices have risen by 10% in the past 6 months, with a current average price of $950000 for a 4-bedroom house. The market is expected to continue growing, with a projected price increase of 15% in the next 12 months.",0.8,"The Australian economy is expected to grow by 3% in the next financial year, driven by a strong services sector and government infrastructure spending. Low interest rates and a stable job market are also contributing to a positive economic outlook, which is expected to support the housing market and drive price growth."
Bungalow 5BHK,"Sydney, Australia","$1200000 (2020),$1300000 (2021),$1400000 (2022)",250,"Swimming pool, Gym, Playground, Private parking, Elevator, Secure building","The Sydney real estate market has seen a steady increase in prices over the past few years, driven by high demand and limited supply.",1.5,"Low unemployment rate, steady economic growth, and government incentives have contributed to the increase in property prices."
Bungalow 5BHK,"Sydney, Australia","AUD 1200000,AUD 1300000,AUD 1400000",16.2,"Swimming pool, Gym, Security, Car park, Lift, Air conditioning","The Sydney property market is experiencing a moderate growth, driven by increasing demand for housing. The median house price has risen by 10% in the past year, with a current median price of AUD 1200000.",1.8,"Low unemployment rate, high population growth, and increased consumer spending are contributing to the rising property prices in Sydney."
Bungalow 5BHK,"Melbourne, Victoria, Australia","$500000 (2020),$550000 (2021),$600000 (2022)",24.5,"Swimming pool, Gym, Security system, 24/7 Concierge, Close to public transport","The Melbourne property market has been steadily increasing over the past few years, with a median house price of $1100000. The demand for properties in this region is high due to its proximity to the city centre and excellent schools.",1.8,"Low unemployment rates, high demand for housing, and a stable economy have contributed to the growth in property prices. The Australian government's policies to stimulate the economy have also had a positive impact on the property market."
Bungalow 4BHK,"Sydney, Australia","AUD 1.2M, AUD 1.5M, AUD 1.8M, AUD 2.0M",250,"Swimming pool, Gym, Tennis court, Gourmet kitchen, Private cinema, Pantry, Guest room, Walk-in wardrobe, Built-in wardrobes, Double-glazed windows, Security system, 24/7 concierge","The Sydney property market has been experiencing a steady growth in recent years, driven by low interest rates and a strong economy. The demand for luxury properties is high, with a limited supply of high-end homes available for sale.",0.8,"Low unemployment rate, high GDP growth, and a strong property market have all contributed to an increase in property prices in Sydney. The city's growing population and limited housing supply have also driven up prices."
Bungalow 5BHK,"Melbourne, Australia","AUD 1200000,AUD 1250000,AUD 1300000,AUD 1350000,AUD 1400000",25.5,"Swimming pool, gym, spa, garden, parking, security cameras, community center, BBQ area, playground, 24/7 concierge service","The Melbourne real estate market is experiencing a steady increase in demand, driven by a growing population and limited housing supply. Prices are expected to continue rising, particularly in sought-after suburbs.",0.85,"Australia's strong economy and low unemployment rate are contributing to a stable housing market. However, rising interest rates and government policies may impact demand and prices in the coming months."
Bungalow 5BHK,"Sydney, Australia","$500000, $600000, $700000",16.5,"Swimming pool, Gym, Playground, Secure parking, Gated community",The Sydney property market is experiencing a moderate increase in prices due to high demand and limited supply. The median house price has risen by 10% over the past year.,0.8,"The Australian economy is expected to experience a moderate growth rate of 2.5% in the coming year, driven by a strong services sector and low unemployment rates."
Bungalow 5BHK,"Sydney, Australia","AUD 1200000, AUD 1300000, AUD 1400000",250,"Gym, Pool, BBQ Area, Security, Laundry, Car Parking, Lift, Air Conditioning, Balcony, Furnished, Garden","The Sydney real estate market is experiencing a surge in demand due to the low interest rates and government incentives. The prices of houses are increasing rapidly, making it a great time to invest in the market.",1.5,"The Australian economy is growing steadily, with low unemployment rates and high consumer spending. The interest rates are also low, making it easier for people to borrow money and invest in real estate."
Bungalow 4BHK,"Sydney, New South Wales, Australia","AUD 1200000,AUD 1100000,AUD 1300000,AUD 1250000",200,"Swimming pool, garden, gym, parking, security system, high-speed internet, laundry facilities, BBQ area","The Sydney property market has seen a steady increase in prices over the past year due to high demand and limited supply, particularly in the Bungalow 4BHK category.",1.8,Low interest rates and a strong economy have led to increased consumer spending and higher housing prices in Sydney.
Bungalow 5BHK,"Melbourne, Australia","$800000,$850000,$900000,$950000",16.5,"Swimming pool, Gym, Parking, Lift, Security cameras","The Melbourne property market has seen a steady increase in prices over the past year, with a median house price of $1100000. The market is expected to continue growing, driven by low interest rates and a strong economy.",1.8,"The Australian economy is expected to grow by 3.5% in 2024, driven by a strong services sector and a recovery in the mining industry."
Bungalow 4BHK,"Sydney, Australia","$800000,$900000,$1000000",16.5,"Swimming pool, Gym, Tennis court, BBQ area, Secure parking","The Sydney property market has seen a steady increase in demand over the past year, driven by low interest rates and a growing population. The median house price has risen by 10% in the last 12 months, with prices expected to continue growing in the coming years.",1.2,Low unemployment rates and a strong economy have led to increased consumer confidence and higher property prices in Sydney. The Australian government's infrastructure investments in the city have also contributed to the growth in demand for housing.
Bungalow 4BHK,"Sydney, Australia","{""2022-01-01"": 500000, ""2022-02-01"": 520000, ""2022-03-01"": 550000}",220,"Pool, Gym, Lift, Security, 24/7 Maintenance, High-Speed Elevator, BBQ Area, Underground Parking, Smart Home System, Security Cameras, Secure Entry","The Sydney property market is experiencing a slight dip due to increased interest rates, however, demand remains high for well-maintained properties in prime locations.",1.8,"The Australian economy is expected to experience moderate growth in 2023, driven by a strong services sector and low unemployment rates, which will positively impact property prices in major cities like Sydney."
Bungalow 5BHK,"Sydney, Australia","AUD 800000 (2020),AUD 900000 (2021),AUD 1000000 (2022)",20.5,"Private pool, Gourmet kitchen, 5 bedrooms, 4 bathrooms, 3 car garage, High-end finishes, Secure gated community","The Sydney real estate market has been experiencing a steady increase in prices over the past few years, driven by high demand and limited supply. This trend is expected to continue in the coming years.",1.2,"The Australian economy has been performing well, with low unemployment and a stable interest rate environment. This has led to an increase in consumer confidence and a rise in housing prices."
Bungalow 5BHK,"Melbourne, Australia","AUD 800000,AUD 900000,AUD 1000000,AUD 1100000,AUD 1200000",250,"Swimming pool, Gym, Restaurant, Parking, Garden",The Melbourne property market is experiencing a moderate increase in prices due to high demand from both local and international buyers.,1.2,"The Australian economy is expected to experience a moderate growth rate of 2.5% in the next quarter, which may lead to an increase in property prices."
Bungalow 5BHK,"Melbourne, Australia","AUD 1200000 (2020), AUD 1500000 (2021), AUD 1800000 (2022)",16.5,"Swimming pool, gym, 24/7 security, high-speed elevator, smart home system, private parking, lush greenery, BBQ area, community lounge, laundry facilities, yoga room","The Melbourne real estate market has seen a significant surge in demand for luxury properties, driven by the city's strong economy and high standard of living. The trend is expected to continue, with prices increasing by 10% annually.",1.8,"Australia's low unemployment rate, coupled with a stable interest rate environment, has contributed to the growth in housing prices. The country's strong economy and high demand for housing have driven up prices, making it an attractive investment opportunity for foreign buyers."
Bungalow 4BHK,"Melbourne, VIC, Australia","$500000,$520000,$550000,$580000",20.5,"Air conditioning, Pool, Gym, Parking, Lift, Security","The Melbourne property market has seen a steady increase in prices over the past year, with a median price growth of 5.2%. This is attributed to the high demand for housing and the limited supply of properties in the area.",1.8,"The Australian economy has been experiencing a period of low unemployment and steady economic growth, which has led to an increase in property prices. Additionally, the government's policies to stimulate the economy have also contributed to the rise in property prices."
Bungalow 5BHK,"Melbourne, Victoria, Australia","AUD 750000 (2020),AUD 820000 (2021),AUD 900000 (2022)",250,"Pool, Gym, Tennis Court, Security System, Parking, Lift, Air Conditioning, Laundry Facilities, BBQ Area, Community Centre, Walking Trails","The Melbourne property market has seen a steady increase in prices over the past few years, driven by high demand and limited supply. The market is expected to continue growing, with prices projected to rise by 5-7% in the next 12 months.",1.2,"Low unemployment rate, stable interest rates, and a strong economy are contributing to the growth of the Melbourne property market. The Australian government's infrastructure development plans are also expected to boost the economy and property prices in the region."
Bungalow 4BHK,"Melbourne, Australia",AUD 1200000 - 1500000,300,"Pool, Gym, Parking, Security, Lift","The Melbourne property market has seen a steady increase in prices over the past year, driven by low interest rates and a lack of housing supply. The demand for properties in Melbourne is high, particularly for those with modern amenities and good access to public transport.",1.8,"The Australian economy is expected to experience a moderate growth rate in 2024, driven by an increase in government spending and a recovery in the mining sector. This is expected to have a positive impact on the property market, with prices likely to rise in response to increased demand and limited supply."
Bungalow 5BHK,"Melbourne, Australia","AUD 750000,AUD 850000,AUD 950000,AUD 1050000,AUD 1200000",16.2,"Gym, Pool, Playground, BBQ Area, Security Cameras, Lift, Parking, Balcony, Air Conditioning, Fire Alarm, Intercom, Storage, Laundry","The Melbourne property market has been experiencing a steady growth due to the increasing demand for housing. The prices have been rising over the past year, with a 10% increase in the last quarter. The market is expected to continue growing in the coming years, driven by the city's strong economy and high standard of living.",1.5,"The Australian economy has been performing well, with low unemployment rates and a stable inflation. The interest rates have been decreasing, making it easier for people to borrow money and purchase properties. The government has also been implementing policies to stimulate the housing market, such as the first-home buyer scheme. The combination of these factors has led to an increase in property prices, making it an attractive time to invest in the Australian property market."
Bungalow 4BHK,"Melbourne, Australia","AUD 1200000,AUD 1300000,AUD 1400000,AUD 1500000",16.5,"Swimming pool, gym, tennis court, security cameras, 24/7 concierge, walking distance to public transport, nearby parks and gardens","Melbourne's property market is experiencing a slight decrease in prices due to economic uncertainty, however, the demand for luxury properties remains high.",1.2,"Low unemployment rate, high GDP growth, and a strong Australian dollar are contributing to a stable economic environment, positively impacting property prices."
Bungalow 5BHK,"Melbourne, Australia","AUD 850000 (2020),AUD 950000 (2022)",250,"Pool, Gym, BBQ Area, Security System, Parking","Stable market with moderate growth, driven by low interest rates and government incentives",1.8,"Australia's strong economy and low unemployment rate contribute to increasing property prices, with Melbourne experiencing a surge in demand for housing"
Bungalow 4BHK,"Melbourne, Victoria, Australia","AUD 1200000 in 2020, AUD 1300000 in 2021, AUD 1400000 in 2022",280,"Pool, Gym, Parking, Elevator, Security, BBQ Area, Tennis Court, Spa, Sauna, Restaurant, Coffee Shop, Concierge Service, Pet Friendly",Steady growth in the Melbourne property market due to a strong economy and low interest rates,1.2,Australia's low unemployment rate and high GDP growth rate contribute to a stable property market in Melbourne
Bungalow 4BHK,"Melbourne, VIC, Australia",$850000,16.5,"Swimming pool, Gym, BBQ area, Outdoor kitchen, Private cinema","The Melbourne property market has seen a steady increase in prices over the past year, with a current median house price of $1100000. The market is expected to continue growing, driven by strong demand from both local and international buyers.",0.8,"Australia's economic growth is expected to remain steady, driven by a strong services sector and low unemployment. However, the country is heavily reliant on China for trade, which may pose a risk to the economy in the event of a global downturn."
Bungalow 5BHK,"Sydney, Australia","AUD 2500000,AUD 2700000,AUD 3000000,AUD 3200000,AUD 3500000",234,"Swimming pool, Gym, Tennis court, Private cinema, Gourmet kitchen, Elevator, Security system, Parking","The Sydney property market has seen a steady increase in prices over the past year, with a 10% growth in the last quarter. This is attributed to the high demand for housing in the city, driven by both local and international buyers.",1.8,"The Australian economy is expected to continue growing, with a forecasted 2.5% GDP growth in the next quarter. Low interest rates and a stable job market are also contributing to the rising property prices in Sydney."
Bungalow 5BHK,"Melbourne, Australia",$800000,12.5,"Swimming pool, Gym, Playground, Gourmet kitchen, 5 bedrooms, 3 bathrooms, 2 car garage, Private cinema, Sauna, Steam room, Home theater","The Melbourne real estate market has seen a steady increase in property prices over the past year, driven by strong demand from local and international buyers. With a low supply of properties available, prices are expected to continue rising in the coming months.",1.2,"The Australian economy is experiencing a period of moderate growth, with low unemployment and rising wages. However, the country's housing market is facing challenges due to affordability and accessibility issues, particularly in major cities like Melbourne."
Bungalow 5BHK,"Melbourne, Australia","AUD 1200000,AUD 1500000,AUD 1800000,AUD 2100000",240,"Private pool, Gourmet kitchen, Built-in robes, Alfresco dining, Secure garage, High ceilings, Study nook, Landscaped gardens, Double glazing, Air conditioning, Dishwasher, Microwave, Washing machine, Dryer, Fridge, Stove, Oven, Rangehood, Built-in microwave, Dishwasher, Wine fridge, Water feature, BBQ area, Outdoor shower, Outdoor kitchen, Outdoor dining, Private access, Secure entry, Lift access, Storage room, Bike storage, Parking for visitors, Secure parking, Covered parking, Secure garage, Visitor parking, Parking for guests, Parking for residents, Parking for owners, Parking for tenants, 2-car garage, 3-car garage, 4-car garage, 5-car garage, 6-car garage, 7-car garage, 8-car garage, 9-car garage, 10-car garage, 1-car garage, 2-car garage, 3-car garage, 4-car garage, 5-car garage, 6-car garage, 7-car garage, 8-car garage, 9-car garage, 10-car garage","Melbourne's real estate market has seen a significant surge in demand for luxury properties in recent years, driven by the city's strong economy and high standard of living. The demand for high-end properties has led to a shortage of available stock, resulting in increased prices and a competitive market. However, with the current economic uncertainty, the market trend is expected to slow down in the coming months, making it an ideal time for buyers to enter the market.",0.8,"The Australian economy is expected to experience a moderate growth rate in the coming years, driven by the country's strong services sector and increasing demand for commodities. However, the economy is also facing challenges such as high household debt and a declining terms of trade, which may impact the housing market. The Reserve Bank of Australia has been keeping interest rates low to support the economy, which has led to increased borrowing and spending. The unemployment rate has been steadily declining, and the labor market is expected to remain strong in the coming years."
Bungalow 4BHK,"Melbourne, Australia","AUD 500000 in 2015,AUD 550000 in 2018,AUD 650000 in 2020",230,"Swimming pool, GYM, Tennis court, Parking, Garden","The Melbourne property market has experienced steady growth over the past few years, driven by strong demand and limited supply. The median house price has increased by 20% in the last year alone.",1.2,"The Australian economy has been growing steadily, with low unemployment rates and increasing wages. However, the country's high population growth rate has put pressure on housing supply, leading to higher prices."
Bungalow 5BHK,"Melbourne, VIC, Australia","AUD 1200000, AUD 1300000, AUD 1400000, AUD 1500000",250,"Swimming pool, GYM, Parking, Lift, Security, Garden, Balcony, BBQ Area, Club House, Tennis Court, Playground, Sauna, Spa, Steam Room","The Melbourne real estate market is experiencing a moderate increase in demand, driven by a strong economy and limited supply. Prices are expected to rise by 5% in the next quarter.",1.8,"Unemployment rate is 3.5%, GDP growth rate is 2.2%, Interest rates are 3.5%, Inflation rate is 1.8%."
Bungalow 5BHK,"Sydney, Australia","AUD 500000 (2020),AUD 550000 (2021),AUD 600000 (2022)",24.5,"Air conditioning, Swimming pool, Gym, BBQ area, Security system, Parking space, Lift access, Close to public transport","The Sydney property market has seen a steady increase in prices over the past few years, driven by low interest rates and high demand for housing. However, the market has started to slow down in recent months due to government regulations and economic uncertainty.",1.2,"The Australian economy has been performing well, with low unemployment and high GDP growth. However, the country is also experiencing a housing affordability crisis, with prices rising faster than wages. This is expected to impact the demand for housing in the coming years."
Bungalow 4BHK,"Melbourne, Victoria, Australia","AUD 800000,AUD 850000,AUD 900000,AUD 950000",200,"Swimming pool, Gym, Playground, 24/7 security, Gated community","The Melbourne property market has seen a steady increase in prices over the past year, driven by strong demand from both local and international buyers. The median house price has risen by 10% over the past 12 months, with prices expected to continue to rise in the coming year.",1.2,"Low unemployment rate, steady economic growth, and a strong tourism industry have all contributed to the increased demand for property in Melbourne. Additionally, the city's reputation as a hub for education and healthcare has made it an attractive location for families and professionals alike."
Bungalow 4BHK,"Sydney, New South Wales, Australia","$1200000,$1250000,$1300000",24.5,"Swimming pool, gym, tennis court, garden, parking, security",The Sydney property market is experiencing a surge in demand due to its proximity to major employment hubs and excellent schools. Prices are expected to rise by 5% in the next quarter.,1.8,"Low unemployment rate, high GDP growth, and stable interest rates are contributing to the rising property prices in Sydney."
Bungalow 4BHK,"Melbourne, Australia","AUD 500000, AUD 600000, AUD 700000",16.5,"Swimming pool, Gym, Parking, Security cameras, Elevator, BBQ area, Garden","The Melbourne real estate market is experiencing a steady growth due to its strong economy and high demand for housing. The median house price has increased by 10% over the past year, making it an attractive investment opportunity for buyers.",1.2,"Low unemployment rate, high GDP growth, and a stable interest rate environment are contributing to the growth of the Melbourne property market."
Bungalow 4BHK,"Sydney, Australia","AUD 1200000 (2020),AUD 1300000 (2021),AUD 1400000 (2022)",240,"Swimming pool, gym, 24-hour security, BBQ area, parking, lift, air conditioning, laundry facilities",The Sydney property market has seen a steady increase in prices over the past few years due to high demand and limited supply.,0.85,"The Australian economy has been growing steadily, with low unemployment rates and a strong housing market, contributing to the increase in property prices."
Bungalow 5BHK,"Sydney, Australia","AUD 850000 (2020),AUD 900000 (2021),AUD 950000 (2022)",250,"Swimming pool, GYM, BBQ area, Security cameras, 24/7 security, Playground, Pet-friendly, 5 bedrooms, 4 bathrooms, 3 car garage, Double-glazed windows, Air conditioning, Solar panels, Dishwasher, Microwave, Refrigerator, Stove, Oven, Washing machine, Dryer, Built-in wardrobes, Built-in robes, Built-in kitchen, Built-in laundry, Built-in storage","The Sydney property market has seen a steady increase in demand over the past few years, driven by a combination of low interest rates and a growing population. The demand for housing in Sydney is outpacing the supply, leading to increased prices and rents. However, the market is expected to slow down in the coming months due to government regulations and economic uncertainty.",1.2,"The Australian economy is expected to grow at a moderate pace in the coming years, driven by a strong services sector and a rebound in the mining industry. However, the economy is also facing challenges from a high national debt and a decline in the manufacturing sector. The Reserve Bank of Australia has kept interest rates low to support economic growth, but this has also led to concerns about inflation and asset bubbles."
Bungalow 4BHK,"Melbourne, Australia","AUD 1200000, AUD 1100000, AUD 1300000",23.5,"Gym, Swimming pool, Lift, 24/7 Security, Parking, Balcony, Garden, CCTV Surveillance","The Melbourne real estate market is currently experiencing a slight decrease in prices due to oversupply, but is expected to recover soon with the influx of new businesses and infrastructure development.",1.2,"The Australian economy is expected to grow at a steady rate of 3% in the next quarter, driven by government stimulus packages and increased consumer spending."
Bungalow 4BHK,"Sydney, Australia","$1200000, $1100000, $1000000",24,"Swimming pool, GYM, Security cameras, Lift, Parking","The Sydney property market has seen a 5% increase in prices over the past quarter, driven by strong demand from foreign buyers.",1.8,"The Australian economy is expected to grow at a rate of 3.5% in 2024, driven by infrastructure spending and a strong services sector."
Bungalow 4BHK,"Sydney, New South Wales, Australia","AUD 1000000 (2020), AUD 1200000 (2021), AUD 1300000 (2022)",20.5,"Swimming pool, Gym, Sauna, BBQ area, Outdoor kitchen, 5 bedrooms, 3 bathrooms, 2 car garage, Landscaped garden, Private balcony, Secure building, Close to public transport","The Sydney real estate market is experiencing a surge in demand due to the city's growing population and limited housing supply. Prices are expected to continue rising in the coming years, making it an attractive investment opportunity for buyers.",1.8,"The Australian economy is expected to experience moderate growth in the coming years, driven by a strong services sector and low unemployment. However, the country's housing market is facing challenges due to affordability and supply constraints, which may impact property prices."
Bungalow 5BHK,"Melbourne, Australia","$800000,$820000,$850000",25.5,"Swimming pool, Gym, Playground, BBQ area, Private parking, Security cameras, 24/7 staff, Elevator access, Air conditioning, Balcony, Laundry facilities, Wheelchair accessibility, Pets allowed, Non-smoking building","The Melbourne property market has seen a steady increase in demand for luxury homes, driven by a growing middle class and a strong economy. This trend is expected to continue, with prices rising by 5-7% in the next quarter.",1.2,"Low unemployment rates, a strong economy, and a growing population are contributing to an increase in property prices in Melbourne. The city's proximity to major industries, universities, and cultural attractions also makes it an attractive location for buyers and renters alike."
Bungalow 5BHK,"Melbourne, Australia","AUD 500000,AUD 550000,AUD 600000,AUD 650000,AUD 700000,AUD 750000,AUD 800000,AUD 850000,AUD 900000,AUD 950000,AUD 1000000,AUD 1050000,AUD 1100000,AUD 1150000,AUD 1200000,AUD 1250000",22.5,"Swimming pool, Gym, Restaurant, Spa, Parking, Lift, Security, 24/7 Maintenance, Air Conditioning, Internet, TV, Washing Machine, Dryer, Microwave, Oven, Fridge",The Melbourne property market is experiencing a moderate growth with a slight increase in demand due to the city's popularity among international students and professionals. The average price per square meter is increasing by 5% annually.,1.2,"The Australian economy is expected to grow at a rate of 3.5% in the next quarter, driven by a strong services sector and an increase in government spending. However, the housing market is expected to slow down due to the recent interest rate hikes."
Bungalow 5BHK,"Melbourne, Australia","AUD 1200000, AUD 1300000, AUD 1400000",16.2,"Pool, Gym, Parking, Balcony, Air Conditioning, Lift, Security","The Melbourne real estate market is experiencing a steady increase in demand due to the city's growing economy and population. With a low unemployment rate and a high standard of living, Melbourne is becoming a popular destination for homebuyers and investors.",1.8,"Australia's GDP growth rate is expected to remain steady at 3% in the next quarter, with a low inflation rate of 2%. The Reserve Bank of Australia has kept interest rates low, making it an ideal time to invest in the real estate market."
Bungalow 5BHK,"Sydney, Australia","AUD 500000,AUD 550000,AUD 600000",150,"Swimming pool, Gym, Playground, BBQ area, Secure parking","The Sydney property market is experiencing a slight downturn due to economic uncertainty, but prices are expected to stabilize in the near future.",1.2,"Low interest rates and government stimulus have led to increased consumer spending, driving demand for housing in Sydney."
Bungalow 5BHK,"Sydney, New South Wales, Australia",250000270000290000300000320000,16.5,"Swimming Pool, GYM, Security, Parking, Lift, Garden, BBQ Area, Playground, Pet Friendly",The Sydney property market is experiencing a steady increase in prices due to high demand and limited supply. The median house price has risen by 10% in the past year.,1.2,"Low interest rates and a strong economy have led to increased consumer spending and housing demand. However, the Australian government's plans to implement stricter lending regulations may impact the market in the future."
Bungalow 4BHK,"Melbourne, Australia","{'price': 800000, 'date': '2022-01-01'},{'price': 850000, 'date': '2022-02-01'},{'price': 900000, 'date': '2022-03-01'}",250,"Swimming pool, gym, and BBQ area",Increasing demand for luxury homes in Melbourne's suburbs,1.2,Low interest rates and government incentives for homebuyers
Bungalow 5BHK,"Sydney, Australia","AUD 2500000, AUD 2800000, AUD 3200000, AUD 3500000",16.5,"Swimming pool, Gym, Sauna, BBQ area, 24/7 security, Parking for 5 cars, Private garden, Outdoor kitchen, In-unit laundry","The real estate market in Sydney is experiencing a moderate increase in prices due to high demand and limited supply. However, the market is expected to stabilize in the coming months as new developments are completed and more properties become available for sale.",1.2,"The Australian economy is expected to grow at a rate of 3% in the next quarter, driven by strong demand in the services sector and a rebound in the mining industry. This is expected to lead to an increase in property prices in Sydney, particularly in areas with high demand such as the CBD and inner suburbs."
Bungalow 5BHK,"Melbourne, Australia","AUD 1200000, AUD 1300000, AUD 1400000",16.5,"Pool, Gym, Security, Parking, Lift, Air Conditioning, Balcony, View, Storage","The Melbourne property market is experiencing a moderate growth, with a slight increase in demand due to the city's strong economy and high standard of living.",1.23,"Low unemployment rate, high GDP growth, and increasing population are driving the demand for housing in Melbourne, resulting in a slight increase in property prices."
Bungalow 5BHK,"Sydney, Australia","AUD 1200000,AUD 1300000,AUD 1400000,AUD 1500000",250,"Swimming pool, GYM, 24/7 Security, High-speed internet, BBQ area, Parking, Lift, Laundry, Landscaped garden, Outdoor kitchen",The Sydney real estate market has been experiencing a steady increase in demand due to its proximity to major employment hubs and educational institutions. The market trend is expected to continue with a moderate growth rate.,0.8,"The Australian economy is expected to grow at a moderate rate, driven by a strong services sector and a rebound in the manufacturing sector. The low unemployment rate and rising wages are also expected to support housing demand."
Bungalow 5BHK,"Sydney, Australia","$800000, $900000, $1000000",250,"Swimming pool, Gym, BBQ area, Secure parking, Lift access","The Sydney property market has seen a steady increase in prices over the past year, driven by strong demand and limited supply. The median house price has risen by 10% in the last 12 months, with prices expected to continue to rise in the coming months.",1.2,"Low interest rates and a strong economy have contributed to the increase in property prices, with the Australian government's infrastructure spending also playing a role in driving up demand."
Bungalow 4BHK,"Melbourne, Victoria, Australia","AUD 1500000 (2020), AUD 1800000 (2021), AUD 2000000 (2022)",250,"Swimming pool, gym, parking, security, BBQ area, garden, balcony","Melbourne's property market is experiencing a surge in demand, driven by a combination of low interest rates and government incentives. As a result, prices are rising steadily, making it an attractive time to invest in the area.",1.2,"The Australian economy is expected to grow at a steady rate, driven by a strong services sector and a rebound in consumer spending. However, the housing market is expected to slow down slightly, due to increased regulation and affordability concerns."
Bungalow 4BHK,"Melbourne, Victoria, Australia","$450000, $420000, $480000",16.2,"Swimming pool, Gym, Sauna, Balcony, Patio, Tennis court, Park views, Mountain views, Gourmet kitchen, Granite countertops, Stainless steel appliances, Dishwasher, Microwave, Oven, Stovetop, Refrigerator, Freezer, Washing machine, Dryer","The Melbourne property market is experiencing a steady growth in demand due to the city's strong economy and high standard of living. The market is expected to continue growing in the coming years, driven by a combination of factors including low unemployment rates, a strong rental market, and a lack of affordable housing options.",1.5,"The Australian economy is expected to experience a moderate growth rate of 2.5% in 2023, driven by a strong services sector and a recovery in the manufacturing sector. The unemployment rate is expected to remain low, averaging around 4.5% throughout the year."
Bungalow 4BHK,"Sydney, Australia","AUD 1500000 (2020), AUD 1800000 (2021), AUD 2000000 (2022)",250,"Swimming pool, Gym, Sauna, 3-car garage, Private cinema, Secure entry system, 24/7 security personnel, High-speed internet access, Private garden, Outdoor barbecue area, Fully equipped kitchen with appliances, Separate laundry area, En-suite bathrooms, Built-in wardrobes, In-unit air conditioning","The Sydney real estate market has been experiencing a steady increase in demand, driven by a growing population and limited housing supply. The median house price has risen by 10% over the past year, with prices expected to continue rising in the coming months.",1.5,"The Australian economy is expected to experience moderate growth in the coming years, driven by a strong services sector and low unemployment rates. However, the country's housing market is expected to face challenges due to rising interest rates and a decline in housing affordability."
Bungalow 4BHK,"Melbourne, VIC, Australia","$1200000, $1100000, $1050000, $1000000, $950000, $900000, $850000, $800000, $750000, $700000, $650000, $600000, $550000, $500000, $450000, $400000, $350000, $300000, $250000, $200000, $150000, $100000, $50000, $0",220,"Swimming pool, gym, tennis court, BBQ area, garden, parking, lift, security cameras, 24/7 concierge, in-unit laundry, air conditioning, heating, solar panels, water tanks, private balcony, city views, secure entry, gated community","The Melbourne real estate market has seen a significant increase in demand for luxury properties, driven by the growing popularity of the city as a hub for international business and culture. This trend is expected to continue, with prices for high-end properties expected to rise by 10% over the next 12 months. However, the market is also experiencing a shortage of supply, particularly in the luxury segment, which is driving up prices and creating a competitive environment for buyers. As a result, investors and homeowners are looking for properties with unique features and amenities that set them apart from the competition. The demand for properties with amenities such as swimming pools, gyms, and private balconies is particularly high, and prices for these properties are expected to continue to rise in the coming months.",1.2,"The Australian economy is experiencing a period of strong growth, driven by a combination of factors including low interest rates, a strong jobs market, and a surge in investment in key industries such as technology and healthcare. As a result, property prices in Melbourne are expected to continue to rise, driven by the growing demand for housing and the limited supply of properties available for sale. The Australian government has also implemented a number of policies aimed at stimulating the economy and increasing the supply of housing, including the First Home Owner Grant and the National Housing Finance and Investment Corporation. However, the impact of these policies is still uncertain, and the market is expected to remain competitive in the coming months."
Bungalow 5BHK,"Sydney, Australia","AUD 1500000 (2020), AUD 1800000 (2022), AUD 2000000 (2023)",180,"Swimming Pool, GYM, Tennis Court, BBQ Area, Security System, Laundry Facilities, 24/7 Security",The Sydney real estate market is experiencing a surge in demand due to the growing population and limited housing supply. Prices are expected to continue rising in the coming years.,0.8,"The Australian economy is expected to grow at a rate of 2.5% in 2023, driven by a strong services sector and government infrastructure spending. This is expected to have a positive impact on the housing market, with prices likely to rise as a result."
Bungalow 5BHK,"Sydney, Australia","$1200000 in 2020, $1300000 in 2021, $1400000 in 2022",300,"Swimming pool, Gym, Playground, BBQ area, Secure parking, Lift access",The Sydney real estate market has seen a steady increase in demand due to its proximity to the city centre and beaches.,1.8,Low unemployment rates and a strong economy have contributed to the rise in property prices in Sydney.
Bungalow 5BHK,"Melbourne, Australia","AUD 450000,AUD 480000,AUD 520000,AUD 550000,AUD 600000",25.5,"Swimming pool, gym, garden, 24/7 security, BBQ area, children's play area","The Melbourne property market has seen a steady increase in demand over the past year, driven by a strong economy and limited housing supply. This trend is expected to continue, with prices expected to rise by 5-7% in the coming year.",1.2,"Australia's low unemployment rate, strong GDP growth, and rising wages are all contributing to a robust economy, which is driving up demand for housing in Melbourne. Additionally, the city's limited housing supply and increasing population are also contributing to the upward pressure on prices."
Bungalow 4BHK,"Melbourne, Australia","AUD 500000 (2020), AUD 550000 (2021), AUD 600000 (2022)",16.2,"Swimming pool, Gym, Parking, Security, Lift, Gourmet kitchen, High ceilings, Balcony",The Melbourne property market has been experiencing a steady increase in demand due to its popularity among young professionals and families. The market trend is expected to continue growing in the coming years.,1.8,"The Australian economy is expected to experience a moderate growth rate in the coming years, driven by a strong services sector and a recovering manufacturing sector. However, the country's housing market is expected to face some challenges due to rising interest rates and a decline in consumer spending."
Bungalow 5BHK,"Sydney, Australia","AUD 1.2M (2020), AUD 1.1M (2019), AUD 1.05M (2018)",20.5,"Swimming pool, Gym, Tennis court, Security, Lift, Air conditioning, Balcony, Car park","The Sydney property market has been experiencing a steady growth in demand, driven by low interest rates and a strong economy. However, the supply of properties remains limited, leading to a decrease in vacancy rates and an increase in prices.",0.8,"The Australian economy has been performing well, with a low unemployment rate and a stable GDP growth rate. However, the country's reliance on commodities and its high debt levels pose some risks to the economy in the long term."